,Image,10,9,8,7,6,5,4,3,2,1
0,MB16CC068.SCN - Series 1_Region10.png,8,8,0,0,0,3,0,0,0,0
1,MB16CC068.SCN - Series 1_Region9.png,8,8,0,0,0,3,0,0,0,0
2,MB16CC068.SCN - Series 1_Region11.png,8,8,0,0,0,3,0,0,0,0
3,MB16CC068.SCN - Series 1_Region8.png,8,8,0,0,0,3,0,0,0,0
4,MB16CC068.SCN - Series 1_Region1.png,8,8,0,0,0,3,0,0,0,0
5,MB16CC068.SCN - Series 1_Region13.png,0,4,5,5,3,3,0,0,0,0
6,MB16CC068.SCN - Series 1_Region3.png,8,8,0,0,0,3,0,0,0,0
7,MB16CC068.SCN - Series 1_Region2.png,8,8,0,0,0,3,0,0,0,0
8,MB16CC068.SCN - Series 1_Region12.png,8,8,0,0,0,3,0,0,0,0
9,MB16CC068.SCN - Series 1_Region7.png,8,8,0,0,0,3,0,0,0,0
10,MB16CC068.SCN - Series 1_Region6.png,8,8,0,0,0,3,0,0,0,0
11,MB16CC068.SCN - Series 1_Region16.png,8,8,0,0,0,3,0,0,0,0
12,MB16CC068.SCN - Series 1_Region4.png,8,8,0,0,0,3,0,0,0,0
13,MB16CC068.SCN - Series 1_Region14.png,8,8,0,0,0,3,0,0,0,0
14,MB16CC068.SCN - Series 1_Region15.png,8,8,0,0,0,3,0,0,0,0
15,MB16CC068.SCN - Series 1_Region5.png,8,8,0,0,0,3,0,0,0,0
16,MB16CC057.SCN - Series 2_Region11.png,0,4,5,5,3,3,0,0,0,0
17,MB16CC057.SCN - Series 2_Region10.png,8,8,0,0,0,3,0,0,0,0
18,MB16CC057.SCN - Series 2_Region8.png,0,4,5,5,3,3,0,0,0,0
19,MB16CC057.SCN - Series 2_Region1.png,0,4,5,5,3,3,0,0,0,0
20,MB16CC057.SCN - Series 2_Region12.png,0,4,5,5,3,3,0,0,0,0
21,MB16CC057.SCN - Series 2_Region3.png,0,4,5,5,3,3,0,0,0,0
22,MB16CC057.SCN - Series 2_Region2.png,0,4,5,5,3,3,0,0,0,0
23,MB16CC057.SCN - Series 2_Region13.png,0,4,5,5,3,3,0,0,0,0
24,MB16CC057.SCN - Series 2_Region7.png,5,2,5,5,0,3,0,0,0,0
25,MB16CC057.SCN - Series 2_Region6.png,0,4,5,5,3,3,0,0,0,0
26,MB16CC057.SCN - Series 2_Region4.png,0,4,5,5,3,3,0,0,0,0
27,MB16CC057.SCN - Series 2_Region15.png,0,4,5,5,3,3,0,0,0,0
28,MB16CC057.SCN - Series 2_Region14.png,0,4,5,5,3,3,0,0,0,0
29,MB16CC057.SCN - Series 2_Region5.png,5,2,0,0,0,3,0,0,0,0
30,MB16CC057.SCN - Series 4_Region3.png,0,4,5,5,3,3,0,0,0,0
31,MB16CC057.SCN - Series 4_Region2.png,0,4,5,5,3,3,0,0,0,0
32,MB16CC057.SCN - Series 4_Region14.png,0,4,5,5,0,3,0,0,0,0
33,MB16CC057.SCN - Series 4_Region9.png,0,4,5,5,3,3,0,0,0,0
34,MB16CC057.SCN - Series 4_Region1.png,0,4,5,5,3,3,0,0,0,0
35,MB16CC057.SCN - Series 4_Region15.png,0,4,5,5,3,3,0,0,0,0
36,MB16CC057.SCN - Series 4_Region8.png,0,4,5,5,3,3,0,0,0,0
37,MB16CC057.SCN - Series 4_Region10.png,0,4,5,5,3,3,0,0,0,0
38,MB16CC057.SCN - Series 4_Region4.png,0,4,5,5,3,3,0,0,0,0
39,MB16CC057.SCN - Series 4_Region5.png,0,4,5,5,3,3,0,0,0,0
40,MB16CC057.SCN - Series 4_Region11.png,0,4,5,5,3,3,0,0,0,0
41,MB16CC057.SCN - Series 4_Region7.png,0,4,5,5,3,3,0,0,0,0
42,MB16CC057.SCN - Series 4_Region13.png,0,4,5,5,3,3,0,0,0,0
43,MB16CC057.SCN - Series 4_Region12.png,0,4,5,5,3,3,0,0,0,0
44,MB16CC057.SCN - Series 4_Region6.png,0,4,5,5,3,3,0,0,0,0
45,MB16CC066.SCN - Series 2_Region8.png,0,4,5,5,3,3,0,0,0,0
46,MB16CC066.SCN - Series 2_Region1.png,0,4,5,5,0,3,0,0,0,0
47,MB16CC066.SCN - Series 2_Region9.png,0,4,5,5,3,3,0,0,0,0
48,MB16CC066.SCN - Series 2_Region16.png,5,2,0,0,0,3,0,0,0,0
49,MB16CC066.SCN - Series 2_Region2.png,5,2,0,0,0,3,0,0,0,0
50,MB16CC066.SCN - Series 2_Region14.png,8,8,0,0,0,3,0,0,0,0
51,MB16CC066.SCN - Series 2_Region15.png,8,8,0,0,0,3,0,0,0,0
52,MB16CC066.SCN - Series 2_Region3.png,5,2,0,0,0,3,0,0,0,0
53,MB16CC066.SCN - Series 2_Region6.png,8,8,0,0,0,3,0,0,0,0
54,MB16CC066.SCN - Series 2_Region10.png,8,8,0,0,0,3,0,0,0,0
55,MB16CC066.SCN - Series 2_Region11.png,8,8,0,0,0,3,0,0,0,0
56,MB16CC066.SCN - Series 2_Region7.png,5,2,0,0,0,3,0,0,0,0
57,MB16CC066.SCN - Series 2_Region13.png,8,8,0,0,0,3,0,0,0,0
58,MB16CC066.SCN - Series 2_Region5.png,8,8,0,0,0,3,0,0,0,0
59,MB16CC066.SCN - Series 2_Region4.png,8,8,0,0,0,3,0,0,0,0
60,MB16CC066.SCN - Series 2_Region12.png,8,8,0,0,0,3,0,0,0,0
61,MB16CC066.SCN - Series 1_Region7.png,8,8,0,0,0,3,0,0,0,0
62,MB16CC066.SCN - Series 1_Region13.png,5,2,0,0,0,3,0,0,0,0
63,MB16CC066.SCN - Series 1_Region6.png,5,2,0,0,0,3,0,0,0,0
64,MB16CC066.SCN - Series 1_Region12.png,8,8,0,0,0,3,0,0,0,0
65,MB16CC066.SCN - Series 1_Region10.png,8,8,0,0,0,3,0,0,0,0
66,MB16CC066.SCN - Series 1_Region4.png,8,8,0,0,0,3,0,0,0,0
67,MB16CC066.SCN - Series 1_Region11.png,8,8,0,0,0,3,0,0,0,0
68,MB16CC066.SCN - Series 1_Region5.png,8,8,0,0,0,3,0,0,0,0
69,MB16CC066.SCN - Series 1_Region14.png,4,0,7,6,4,0,3,0,0,0
70,MB16CC066.SCN - Series 1_Region9.png,8,8,0,0,0,3,0,0,0,0
71,MB16CC066.SCN - Series 1_Region8.png,8,8,0,0,0,3,0,0,0,0
72,MB16CC066.SCN - Series 1_Region1.png,5,2,0,0,0,3,0,0,0,0
73,MB16CC066.SCN - Series 1_Region15.png,5,2,0,0,0,3,0,0,0,0
74,MB16CC066.SCN - Series 1_Region3.png,8,8,0,0,0,3,0,0,0,0
75,MB16CC066.SCN - Series 1_Region2.png,8,8,0,0,0,3,0,0,0,0
76,MB16CC004_6d236296-87b7-4316-9bbd-e24334a571e8.SCN - Series 2_Region8.png,5,2,0,0,0,3,0,0,0,0
77,MB16CC004_6d236296-87b7-4316-9bbd-e24334a571e8.SCN - Series 2_Region11.png,5,2,0,0,0,3,0,0,0,0
78,MB16CC004_6d236296-87b7-4316-9bbd-e24334a571e8.SCN - Series 2_Region1.png,5,2,0,0,0,3,0,0,0,0
79,MB16CC004_6d236296-87b7-4316-9bbd-e24334a571e8.SCN - Series 2_Region10.png,5,2,0,0,0,3,0,0,0,0
80,MB16CC004_6d236296-87b7-4316-9bbd-e24334a571e8.SCN - Series 2_Region9.png,8,8,0,0,0,3,0,0,0,0
81,MB16CC004_6d236296-87b7-4316-9bbd-e24334a571e8.SCN - Series 2_Region12.png,5,2,0,0,0,3,0,0,0,0
82,MB16CC004_6d236296-87b7-4316-9bbd-e24334a571e8.SCN - Series 2_Region2.png,5,2,0,0,0,3,0,0,0,0
83,MB16CC004_6d236296-87b7-4316-9bbd-e24334a571e8.SCN - Series 2_Region13.png,5,2,0,0,0,3,0,0,0,0
84,MB16CC004_6d236296-87b7-4316-9bbd-e24334a571e8.SCN - Series 2_Region3.png,5,2,0,0,0,3,0,0,0,0
85,MB16CC004_6d236296-87b7-4316-9bbd-e24334a571e8.SCN - Series 2_Region6.png,5,2,5,5,0,3,0,0,0,0
86,MB16CC004_6d236296-87b7-4316-9bbd-e24334a571e8.SCN - Series 2_Region7.png,5,2,0,0,0,3,0,0,0,0
87,MB16CC004_6d236296-87b7-4316-9bbd-e24334a571e8.SCN - Series 2_Region5.png,5,2,0,0,0,3,0,0,0,0
88,MB16CC004_6d236296-87b7-4316-9bbd-e24334a571e8.SCN - Series 2_Region15.png,5,2,0,0,0,3,0,0,0,0
89,MB16CC004_6d236296-87b7-4316-9bbd-e24334a571e8.SCN - Series 2_Region4.png,5,2,0,0,0,3,0,0,0,0
90,MB16CC004_6d236296-87b7-4316-9bbd-e24334a571e8.SCN - Series 2_Region14.png,5,2,0,0,0,3,0,0,0,0
91,MB16CC004_6d236296-87b7-4316-9bbd-e24334a571e8.SCN - Series 1_Region15.png,5,2,0,0,0,3,0,0,0,0
92,MB16CC004_6d236296-87b7-4316-9bbd-e24334a571e8.SCN - Series 1_Region7.png,5,2,0,0,0,3,0,0,0,0
93,MB16CC004_6d236296-87b7-4316-9bbd-e24334a571e8.SCN - Series 1_Region6.png,5,2,0,0,0,3,0,0,0,0
94,MB16CC004_6d236296-87b7-4316-9bbd-e24334a571e8.SCN - Series 1_Region14.png,5,2,0,0,0,3,0,0,0,0
95,MB16CC004_6d236296-87b7-4316-9bbd-e24334a571e8.SCN - Series 1_Region4.png,5,2,0,0,0,3,0,0,0,0
96,MB16CC004_6d236296-87b7-4316-9bbd-e24334a571e8.SCN - Series 1_Region5.png,5,2,0,0,0,3,0,0,0,0
97,MB16CC004_6d236296-87b7-4316-9bbd-e24334a571e8.SCN - Series 1_Region9.png,5,2,0,0,0,3,0,0,0,0
98,MB16CC004_6d236296-87b7-4316-9bbd-e24334a571e8.SCN - Series 1_Region12.png,5,2,0,0,0,3,0,0,0,0
99,MB16CC004_6d236296-87b7-4316-9bbd-e24334a571e8.SCN - Series 1_Region8.png,8,8,0,0,0,3,0,0,0,0
100,MB16CC004_6d236296-87b7-4316-9bbd-e24334a571e8.SCN - Series 1_Region13.png,5,2,0,0,0,3,0,0,0,0
101,MB16CC004_6d236296-87b7-4316-9bbd-e24334a571e8.SCN - Series 1_Region1.png,5,2,0,0,0,3,0,0,0,0
102,MB16CC004_6d236296-87b7-4316-9bbd-e24334a571e8.SCN - Series 1_Region11.png,5,2,0,0,0,3,0,0,0,0
103,MB16CC004_6d236296-87b7-4316-9bbd-e24334a571e8.SCN - Series 1_Region3.png,5,2,0,0,0,3,0,0,0,0
104,MB16CC004_6d236296-87b7-4316-9bbd-e24334a571e8.SCN - Series 1_Region2.png,5,2,0,0,0,3,0,0,0,0
105,MB16CC004_6d236296-87b7-4316-9bbd-e24334a571e8.SCN - Series 1_Region10.png,5,2,0,0,0,3,0,0,0,0
106,MB16CC003_2a5a20f5-c72b-4ceb-80c8-36e0c66104e8.SCN - Series 3_Region15.png,5,2,0,0,0,3,0,0,0,0
107,MB16CC003_2a5a20f5-c72b-4ceb-80c8-36e0c66104e8.SCN - Series 3_Region8.png,5,2,0,0,0,3,0,0,0,0
108,MB16CC003_2a5a20f5-c72b-4ceb-80c8-36e0c66104e8.SCN - Series 3_Region1.png,0,4,5,5,0,3,0,0,0,0
109,MB16CC003_2a5a20f5-c72b-4ceb-80c8-36e0c66104e8.SCN - Series 3_Region9.png,5,2,0,0,0,3,0,0,0,0
110,MB16CC003_2a5a20f5-c72b-4ceb-80c8-36e0c66104e8.SCN - Series 3_Region14.png,5,2,0,0,0,3,0,0,0,0
111,MB16CC003_2a5a20f5-c72b-4ceb-80c8-36e0c66104e8.SCN - Series 3_Region2.png,5,2,0,0,0,3,0,0,0,0
112,MB16CC003_2a5a20f5-c72b-4ceb-80c8-36e0c66104e8.SCN - Series 3_Region3.png,5,2,0,0,0,3,0,0,0,0
113,MB16CC003_2a5a20f5-c72b-4ceb-80c8-36e0c66104e8.SCN - Series 3_Region6.png,0,4,5,5,3,3,0,0,0,0
114,MB16CC003_2a5a20f5-c72b-4ceb-80c8-36e0c66104e8.SCN - Series 3_Region12.png,5,2,0,0,0,3,0,0,0,0
115,MB16CC003_2a5a20f5-c72b-4ceb-80c8-36e0c66104e8.SCN - Series 3_Region13.png,8,8,0,0,0,3,0,0,0,0
116,MB16CC003_2a5a20f5-c72b-4ceb-80c8-36e0c66104e8.SCN - Series 3_Region7.png,5,2,0,0,0,3,0,0,0,0
117,MB16CC003_2a5a20f5-c72b-4ceb-80c8-36e0c66104e8.SCN - Series 3_Region11.png,5,2,0,0,0,3,0,0,0,0
118,MB16CC003_2a5a20f5-c72b-4ceb-80c8-36e0c66104e8.SCN - Series 3_Region5.png,8,8,0,0,0,3,0,0,0,0
119,MB16CC003_2a5a20f5-c72b-4ceb-80c8-36e0c66104e8.SCN - Series 3_Region4.png,5,2,0,0,0,3,0,0,0,0
120,MB16CC003_2a5a20f5-c72b-4ceb-80c8-36e0c66104e8.SCN - Series 3_Region10.png,0,4,5,5,3,3,0,0,0,0
121,MB16CC003_2a5a20f5-c72b-4ceb-80c8-36e0c66104e8.SCN - Series 1_Region12.png,8,8,0,0,0,3,0,0,0,0
122,MB16CC003_2a5a20f5-c72b-4ceb-80c8-36e0c66104e8.SCN - Series 1_Region5.png,8,8,0,0,0,3,0,0,0,0
123,MB16CC003_2a5a20f5-c72b-4ceb-80c8-36e0c66104e8.SCN - Series 1_Region4.png,5,2,0,0,0,3,0,0,0,0
124,MB16CC003_2a5a20f5-c72b-4ceb-80c8-36e0c66104e8.SCN - Series 1_Region13.png,5,2,0,0,0,3,0,0,0,0
125,MB16CC003_2a5a20f5-c72b-4ceb-80c8-36e0c66104e8.SCN - Series 1_Region6.png,5,2,0,0,0,3,0,0,0,0
126,MB16CC003_2a5a20f5-c72b-4ceb-80c8-36e0c66104e8.SCN - Series 1_Region11.png,5,2,0,0,0,3,0,0,0,0
127,MB16CC003_2a5a20f5-c72b-4ceb-80c8-36e0c66104e8.SCN - Series 1_Region10.png,5,2,0,0,0,3,0,0,0,0
128,MB16CC003_2a5a20f5-c72b-4ceb-80c8-36e0c66104e8.SCN - Series 1_Region7.png,5,2,0,0,0,3,0,0,0,0
129,MB16CC003_2a5a20f5-c72b-4ceb-80c8-36e0c66104e8.SCN - Series 1_Region2.png,8,8,0,0,0,3,0,0,0,0
130,MB16CC003_2a5a20f5-c72b-4ceb-80c8-36e0c66104e8.SCN - Series 1_Region15.png,5,2,0,0,0,3,0,0,0,0
131,MB16CC003_2a5a20f5-c72b-4ceb-80c8-36e0c66104e8.SCN - Series 1_Region14.png,5,2,0,0,0,3,0,0,0,0
132,MB16CC003_2a5a20f5-c72b-4ceb-80c8-36e0c66104e8.SCN - Series 1_Region3.png,5,2,0,0,0,3,0,0,0,0
133,MB16CC003_2a5a20f5-c72b-4ceb-80c8-36e0c66104e8.SCN - Series 1_Region8.png,5,2,0,0,0,3,0,0,0,0
134,MB16CC003_2a5a20f5-c72b-4ceb-80c8-36e0c66104e8.SCN - Series 1_Region1.png,8,8,0,0,0,3,0,0,0,0
135,MB16CC003_2a5a20f5-c72b-4ceb-80c8-36e0c66104e8.SCN - Series 1_Region9.png,5,2,0,0,0,3,0,0,0,0
136,MB16CC060.SCN - Series 1_Region11.png,8,8,0,0,0,3,0,0,0,0
137,MB16CC060.SCN - Series 1_Region7.png,8,8,0,0,0,3,0,0,0,0
138,MB16CC060.SCN - Series 1_Region6.png,5,2,0,0,0,3,0,0,0,0
139,MB16CC060.SCN - Series 1_Region10.png,5,2,0,0,0,3,0,0,0,0
140,MB16CC060.SCN - Series 1_Region4.png,0,4,5,5,3,3,0,0,0,0
141,MB16CC060.SCN - Series 1_Region12.png,0,4,5,5,0,3,0,0,0,0
142,MB16CC060.SCN - Series 1_Region13.png,5,2,0,0,0,3,0,0,0,0
143,MB16CC060.SCN - Series 1_Region5.png,8,8,0,0,0,3,0,0,0,0
144,MB16CC060.SCN - Series 1_Region9.png,5,2,5,5,0,3,0,0,0,0
145,MB16CC060.SCN - Series 1_Region16.png,8,8,0,0,0,3,0,0,0,0
146,MB16CC060.SCN - Series 1_Region8.png,8,8,0,0,0,3,0,0,0,0
147,MB16CC060.SCN - Series 1_Region17.png,5,2,0,0,0,3,0,0,0,0
148,MB16CC060.SCN - Series 1_Region1.png,0,4,5,5,0,3,0,0,0,0
149,MB16CC060.SCN - Series 1_Region15.png,8,8,0,0,0,3,0,0,0,0
150,MB16CC060.SCN - Series 1_Region3.png,8,8,0,0,0,3,0,0,0,0
151,MB16CC060.SCN - Series 1_Region2.png,0,4,5,5,3,3,0,0,0,0
152,MB16CC060.SCN - Series 1_Region14.png,8,8,0,0,0,3,0,0,0,0
153,MB16CC060.SCN - Series 1_Region18.png,5,2,0,0,0,3,0,0,0,0
154,MB16CC060.SCN - Series 1_Region7.png,8,8,0,0,0,3,0,0,0,0
155,MB16CC060.SCN - Series 1_Region19.png,5,2,0,0,0,3,0,0,0,0
156,MB16CC060.SCN - Series 1_Region6.png,4,7,3,3,4,0,3,0,0,0
157,MB16CC060.SCN - Series 1_Region10.png,8,8,0,0,0,3,0,0,0,0
158,MB16CC060.SCN - Series 1_Region24.png,8,8,0,0,0,3,0,0,0,0
159,MB16CC060.SCN - Series 1_Region4.png,5,2,0,0,0,3,0,0,0,0
160,MB16CC060.SCN - Series 1_Region12.png,5,2,0,0,0,3,0,0,0,0
161,MB16CC060.SCN - Series 1_Region5.png,0,4,5,5,3,3,0,0,0,0
162,MB16CC060.SCN - Series 1_Region20.png,5,2,0,0,0,3,0,0,0,0
163,MB16CC060.SCN - Series 1_Region9.png,0,4,5,5,3,3,0,0,0,0
164,MB16CC060.SCN - Series 1_Region16.png,8,8,0,0,0,3,0,0,0,0
165,MB16CC060.SCN - Series 1_Region17.png,5,2,0,0,0,3,0,0,0,0
166,MB16CC060.SCN - Series 1_Region21.png,8,8,0,0,0,3,0,0,0,0
167,MB16CC060.SCN - Series 1_Region1.png,5,2,0,0,0,3,0,0,0,0
168,MB16CC060.SCN - Series 1_Region15.png,8,8,0,0,0,3,0,0,0,0
169,MB16CC060.SCN - Series 1_Region3.png,5,2,0,0,0,3,0,0,0,0
170,MB16CC060.SCN - Series 1_Region23.png,8,8,0,0,0,3,0,0,0,0
171,MB16CC060.SCN - Series 1_Region2.png,8,8,0,0,0,3,0,0,0,0
172,MB16CC060.SCN - Series 1_Region22.png,8,8,0,0,0,3,0,0,0,0
173,MB16CC060.SCN - Series 1_Region14.png,8,8,0,0,0,3,0,0,0,0
174,MB16CC058.SCN - Series 2_Region15.png,3,5,4,4,5,4,1,1,1,0
175,MB16CC058.SCN - Series 2_Region6.png,2,3,2,2,2,2,2,2,0,0
176,MB16CC058.SCN - Series 2_Region11.png,1,1,1,1,1,1,1,1,1,0
177,MB16CC058.SCN - Series 2_Region10.png,7,6,6,1,1,1,1,1,1,0
178,MB16CC058.SCN - Series 2_Region2.png,0,4,5,5,3,3,0,0,0,0
179,MB16CC058.SCN - Series 2_Region12.png,9,7,3,3,4,0,3,0,0,0
180,MB16CC058.SCN - Series 2_Region9.png,5,2,0,0,0,3,0,0,0,0
181,MB16CC058.SCN - Series 1_Region2.png,0,4,5,5,3,3,0,0,0,0
182,MB16CC058.SCN - Series 1_Region12.png,0,4,5,5,3,3,0,0,0,0
183,MB16CC058.SCN - Series 1_Region13.png,0,4,5,5,3,3,0,0,0,0
184,MB16CC058.SCN - Series 1_Region11.png,0,4,5,5,3,3,0,0,0,0
185,MB16CC058.SCN - Series 1_Region8.png,0,4,5,5,0,3,0,0,0,0
186,MB16CC058.SCN - Series 1_Region1.png,0,4,5,5,3,3,0,0,0,0
187,MB16CC058.SCN - Series 1_Region10.png,5,2,0,0,0,3,0,0,0,0
188,MB16CC058.SCN - Series 1_Region9.png,0,4,5,5,0,3,0,0,0,0
189,MB16CC058.SCN - Series 1_Region15.png,5,2,5,5,0,3,0,0,0,0
190,MB16CC058.SCN - Series 1_Region5.png,0,4,5,5,3,3,0,0,0,0
191,MB16CC058.SCN - Series 1_Region4.png,0,4,5,5,3,3,0,0,0,0
192,MB16CC058.SCN - Series 1_Region14.png,0,4,5,5,3,3,0,0,0,0
193,MB16CC058.SCN - Series 1_Region6.png,0,4,5,5,3,3,0,0,0,0
194,MB16CC058.SCN - Series 1_Region7.png,5,2,5,5,0,3,0,0,0,0
195,series2_Region3.png,8,8,0,0,0,3,0,0,0,0
196,series2_Region11.png,5,2,0,0,0,3,0,0,0,0
197,series2_Region10.png,5,2,0,0,0,3,0,0,0,0
198,series2_Region2.png,8,8,0,0,0,3,0,0,0,0
199,series2_Region9.png,8,8,0,0,0,3,0,0,0,0
200,series2_Region12.png,8,8,0,0,0,3,0,0,0,0
201,series2_Region1.png,5,2,0,0,0,3,0,0,0,0
202,series2_Region8.png,5,2,0,0,0,3,0,0,0,0
203,series2_Region13.png,8,8,0,0,0,3,0,0,0,0
204,series2_Region4.png,8,8,0,0,0,3,0,0,0,0
205,series2_Region5.png,5,2,0,0,0,3,0,0,0,0
206,series2_Region7.png,8,8,0,0,0,3,0,0,0,0
207,series2_Region15.png,8,8,0,0,0,3,0,0,0,0
208,series2_Region14.png,5,2,0,0,0,3,0,0,0,0
209,series2_Region6.png,5,2,0,0,0,3,0,0,0,0
210,series1_Region5.png,8,8,0,0,0,3,0,0,0,0
211,series1_Region15.png,5,2,0,0,0,3,0,0,0,0
212,series1_Region4.png,8,8,0,0,0,3,0,0,0,0
213,series1_Region14.png,5,2,0,0,0,3,0,0,0,0
214,series1_Region6.png,5,2,0,0,0,3,0,0,0,0
215,series1_Region7.png,8,8,0,0,0,3,0,0,0,0
216,series1_Region12.png,8,8,0,0,0,3,0,0,0,0
217,series1_Region2.png,8,8,0,0,0,3,0,0,0,0
218,series1_Region13.png,8,8,0,0,0,3,0,0,0,0
219,series1_Region3.png,5,2,0,0,0,3,0,0,0,0
220,series1_Region11.png,8,8,0,0,0,3,0,0,0,0
221,series1_Region1.png,5,2,0,0,0,3,0,0,0,0
222,series1_Region8.png,8,8,0,0,0,3,0,0,0,0
223,series1_Region9.png,8,8,0,0,0,3,0,0,0,0
224,series1_Region10.png,8,8,0,0,0,3,0,0,0,0
225,MB16CC056.SCN - Series 2_Region15.png,5,2,0,0,0,3,0,0,0,0
226,MB16CC056.SCN - Series 2_Region3.png,4,7,3,3,4,0,3,0,0,0
227,MB16CC056.SCN - Series 2_Region9.png,4,0,7,6,4,0,3,0,0,0
228,MB16CC056.SCN - Series 2_Region8.png,5,2,0,0,0,3,0,0,0,0
229,MB16CC056.SCN - Series 2_Region1.png,6,0,7,6,3,0,3,0,0,0
230,MB16CC056.SCN - Series 2_Region4.png,5,2,0,0,0,3,0,0,0,0
231,MB16CC056.SCN - Series 2_Region12.png,5,2,0,0,0,3,0,0,0,0
232,MB16CC056.SCN - Series 2_Region13.png,5,2,0,0,0,3,0,0,0,0
233,MB16CC056.SCN - Series 2_Region5.png,5,2,0,0,0,3,0,0,0,0
234,MB16CC056.SCN - Series 2_Region11.png,6,0,7,6,4,0,3,0,0,0
235,MB16CC056.SCN - Series 2_Region7.png,5,2,0,0,0,3,0,0,0,0
236,MB16CC056.SCN - Series 2_Region6.png,5,2,0,0,0,3,0,0,0,0
237,MB16CC056.SCN - Series 2_Region10.png,5,2,0,0,0,3,0,0,0,0
238,MB16CC056.SCN - Series 4_Region13.png,5,2,0,0,0,3,0,0,0,0
239,MB16CC056.SCN - Series 4_Region9.png,5,2,0,0,0,3,0,0,0,0
240,MB16CC056.SCN - Series 4_Region1.png,0,4,5,5,3,3,0,0,0,0
241,MB16CC056.SCN - Series 4_Region12.png,5,2,0,0,0,3,0,0,0,0
242,MB16CC056.SCN - Series 4_Region8.png,5,2,0,0,0,3,0,0,0,0
243,MB16CC056.SCN - Series 4_Region3.png,6,0,7,6,3,0,3,0,0,0
244,MB16CC056.SCN - Series 4_Region10.png,5,2,0,0,0,3,0,0,0,0
245,MB16CC056.SCN - Series 4_Region11.png,5,2,0,0,0,3,0,0,0,0
246,MB16CC056.SCN - Series 4_Region2.png,4,0,7,6,4,0,3,0,0,0
247,MB16CC056.SCN - Series 4_Region7.png,5,2,0,0,0,3,0,0,0,0
248,MB16CC056.SCN - Series 4_Region14.png,5,2,0,0,0,3,0,0,0,0
249,MB16CC056.SCN - Series 4_Region15.png,5,2,0,0,0,3,0,0,0,0
250,MB16CC056.SCN - Series 4_Region6.png,5,2,0,0,0,3,0,0,0,0
251,MB16CC056.SCN - Series 4_Region4.png,9,7,3,3,4,0,3,0,0,0
252,MB16CC056.SCN - Series 4_Region5.png,5,2,0,0,0,3,0,0,0,0
253,MB16CC056.SCN - Series 1_Region11.png,8,8,0,0,0,3,0,0,0,0
254,MB16CC056.SCN - Series 1_Region5.png,5,2,0,0,0,3,0,0,0,0
255,MB16CC056.SCN - Series 1_Region4.png,5,2,0,0,0,3,0,0,0,0
256,MB16CC056.SCN - Series 1_Region12.png,5,2,0,0,0,3,0,0,0,0
257,MB16CC056.SCN - Series 1_Region7.png,8,8,0,0,0,3,0,0,0,0
258,MB16CC056.SCN - Series 1_Region13.png,5,2,0,0,0,3,0,0,0,0
259,MB16CC056.SCN - Series 1_Region2.png,5,2,0,0,0,3,0,0,0,0
260,MB16CC056.SCN - Series 1_Region3.png,8,8,0,0,0,3,0,0,0,0
261,MB16CC056.SCN - Series 1_Region8.png,5,2,0,0,0,3,0,0,0,0
262,MB16CC056.SCN - Series 1_Region15.png,5,2,0,0,0,3,0,0,0,0
263,MB16CC056.SCN - Series 1_Region14.png,5,2,0,0,0,3,0,0,0,0
264,MB16CC056.SCN - Series 1_Region9.png,5,2,0,0,0,3,0,0,0,0
265,MB16CC002_2f369183-05a9-401b-ae3f-44ddf1f68d9e.SCN - Series 2_Region13.png,5,2,0,0,0,3,0,0,0,0
266,MB16CC002_2f369183-05a9-401b-ae3f-44ddf1f68d9e.SCN - Series 2_Region7.png,6,0,7,6,4,0,3,0,0,0
267,MB16CC002_2f369183-05a9-401b-ae3f-44ddf1f68d9e.SCN - Series 2_Region12.png,5,2,0,0,0,3,0,0,0,0
268,MB16CC002_2f369183-05a9-401b-ae3f-44ddf1f68d9e.SCN - Series 2_Region6.png,5,2,0,0,0,3,0,0,0,0
269,MB16CC002_2f369183-05a9-401b-ae3f-44ddf1f68d9e.SCN - Series 2_Region4.png,5,2,0,0,0,3,0,0,0,0
270,MB16CC002_2f369183-05a9-401b-ae3f-44ddf1f68d9e.SCN - Series 2_Region10.png,5,2,0,0,0,3,0,0,0,0
271,MB16CC002_2f369183-05a9-401b-ae3f-44ddf1f68d9e.SCN - Series 2_Region5.png,5,2,0,0,0,3,0,0,0,0
272,MB16CC002_2f369183-05a9-401b-ae3f-44ddf1f68d9e.SCN - Series 2_Region11.png,5,2,0,0,0,3,0,0,0,0
273,MB16CC002_2f369183-05a9-401b-ae3f-44ddf1f68d9e.SCN - Series 2_Region9.png,5,2,0,0,0,3,0,0,0,0
274,MB16CC002_2f369183-05a9-401b-ae3f-44ddf1f68d9e.SCN - Series 2_Region14.png,5,2,0,0,0,3,0,0,0,0
275,MB16CC002_2f369183-05a9-401b-ae3f-44ddf1f68d9e.SCN - Series 2_Region1.png,5,2,0,0,0,3,0,0,0,0
276,MB16CC002_2f369183-05a9-401b-ae3f-44ddf1f68d9e.SCN - Series 2_Region15.png,5,2,0,0,0,3,0,0,0,0
277,MB16CC002_2f369183-05a9-401b-ae3f-44ddf1f68d9e.SCN - Series 2_Region8.png,5,2,0,0,0,3,0,0,0,0
278,MB16CC002_2f369183-05a9-401b-ae3f-44ddf1f68d9e.SCN - Series 2_Region3.png,5,2,0,0,0,3,0,0,0,0
279,MB16CC002_2f369183-05a9-401b-ae3f-44ddf1f68d9e.SCN - Series 2_Region2.png,5,2,0,0,0,3,0,0,0,0
280,MB16CC002_2f369183-05a9-401b-ae3f-44ddf1f68d9e.SCN - Series 4_Region4.png,5,2,0,0,0,3,0,0,0,0
281,MB16CC002_2f369183-05a9-401b-ae3f-44ddf1f68d9e.SCN - Series 4_Region15.png,5,2,0,0,0,3,0,0,0,0
282,MB16CC002_2f369183-05a9-401b-ae3f-44ddf1f68d9e.SCN - Series 4_Region14.png,6,0,7,6,3,0,3,0,0,0
283,MB16CC002_2f369183-05a9-401b-ae3f-44ddf1f68d9e.SCN - Series 4_Region5.png,0,4,5,5,3,3,0,0,0,0
284,MB16CC002_2f369183-05a9-401b-ae3f-44ddf1f68d9e.SCN - Series 4_Region16.png,5,2,0,0,0,3,0,0,0,0
285,MB16CC002_2f369183-05a9-401b-ae3f-44ddf1f68d9e.SCN - Series 4_Region7.png,0,4,5,5,3,3,0,0,0,0
286,MB16CC002_2f369183-05a9-401b-ae3f-44ddf1f68d9e.SCN - Series 4_Region6.png,5,2,0,0,0,3,0,0,0,0
287,MB16CC002_2f369183-05a9-401b-ae3f-44ddf1f68d9e.SCN - Series 4_Region3.png,0,4,5,5,3,3,0,0,0,0
288,MB16CC002_2f369183-05a9-401b-ae3f-44ddf1f68d9e.SCN - Series 4_Region12.png,5,2,0,0,0,3,0,0,0,0
289,MB16CC002_2f369183-05a9-401b-ae3f-44ddf1f68d9e.SCN - Series 4_Region13.png,5,2,0,0,0,3,0,0,0,0
290,MB16CC002_2f369183-05a9-401b-ae3f-44ddf1f68d9e.SCN - Series 4_Region2.png,5,2,0,0,0,3,0,0,0,0
291,MB16CC002_2f369183-05a9-401b-ae3f-44ddf1f68d9e.SCN - Series 4_Region11.png,5,2,0,0,0,3,0,0,0,0
292,MB16CC002_2f369183-05a9-401b-ae3f-44ddf1f68d9e.SCN - Series 4_Region9.png,5,2,0,0,0,3,0,0,0,0
293,MB16CC002_2f369183-05a9-401b-ae3f-44ddf1f68d9e.SCN - Series 4_Region8.png,5,2,0,0,0,3,0,0,0,0
294,MB16CC002_2f369183-05a9-401b-ae3f-44ddf1f68d9e.SCN - Series 4_Region1.png,5,2,5,5,0,3,0,0,0,0
295,MB16CC002_2f369183-05a9-401b-ae3f-44ddf1f68d9e.SCN - Series 4_Region10.png,5,2,0,0,0,3,0,0,0,0
296,MB16CC005_54a9eeed-085a-4783-8bde-af3c67f18497.SCN - Series 2_Region5.png,5,2,0,0,0,3,0,0,0,0
297,MB16CC005_54a9eeed-085a-4783-8bde-af3c67f18497.SCN - Series 2_Region4.png,8,8,0,0,0,3,0,0,0,0
298,MB16CC005_54a9eeed-085a-4783-8bde-af3c67f18497.SCN - Series 2_Region15.png,5,2,0,0,0,3,0,0,0,0
299,MB16CC005_54a9eeed-085a-4783-8bde-af3c67f18497.SCN - Series 2_Region6.png,8,8,0,0,0,3,0,0,0,0
300,MB16CC005_54a9eeed-085a-4783-8bde-af3c67f18497.SCN - Series 2_Region7.png,5,2,0,0,0,3,0,0,0,0
301,MB16CC005_54a9eeed-085a-4783-8bde-af3c67f18497.SCN - Series 2_Region14.png,5,2,0,0,0,3,0,0,0,0
302,MB16CC005_54a9eeed-085a-4783-8bde-af3c67f18497.SCN - Series 2_Region2.png,5,2,0,0,0,3,0,0,0,0
303,MB16CC005_54a9eeed-085a-4783-8bde-af3c67f18497.SCN - Series 2_Region11.png,8,8,0,0,0,3,0,0,0,0
304,MB16CC005_54a9eeed-085a-4783-8bde-af3c67f18497.SCN - Series 2_Region10.png,5,2,0,0,0,3,0,0,0,0
305,MB16CC005_54a9eeed-085a-4783-8bde-af3c67f18497.SCN - Series 2_Region3.png,8,8,0,0,0,3,0,0,0,0
306,MB16CC005_54a9eeed-085a-4783-8bde-af3c67f18497.SCN - Series 2_Region8.png,8,8,0,0,0,3,0,0,0,0
307,MB16CC005_54a9eeed-085a-4783-8bde-af3c67f18497.SCN - Series 2_Region12.png,5,2,0,0,0,3,0,0,0,0
308,MB16CC005_54a9eeed-085a-4783-8bde-af3c67f18497.SCN - Series 2_Region1.png,0,4,5,5,3,3,0,0,0,0
309,MB16CC005_54a9eeed-085a-4783-8bde-af3c67f18497.SCN - Series 2_Region13.png,5,2,0,0,0,3,0,0,0,0
310,MB16CC005_54a9eeed-085a-4783-8bde-af3c67f18497.SCN - Series 2_Region9.png,5,2,0,0,0,3,0,0,0,0
311,MB16CC005_54a9eeed-085a-4783-8bde-af3c67f18497.SCN - Series 3_Region15.png,5,2,0,0,0,3,0,0,0,0
312,MB16CC005_54a9eeed-085a-4783-8bde-af3c67f18497.SCN - Series 3_Region7.png,5,2,0,0,0,3,0,0,0,0
313,MB16CC005_54a9eeed-085a-4783-8bde-af3c67f18497.SCN - Series 3_Region6.png,5,2,0,0,0,3,0,0,0,0
314,MB16CC005_54a9eeed-085a-4783-8bde-af3c67f18497.SCN - Series 3_Region14.png,5,2,0,0,0,3,0,0,0,0
315,MB16CC005_54a9eeed-085a-4783-8bde-af3c67f18497.SCN - Series 3_Region4.png,5,2,0,0,0,3,0,0,0,0
316,MB16CC005_54a9eeed-085a-4783-8bde-af3c67f18497.SCN - Series 3_Region5.png,5,2,0,0,0,3,0,0,0,0
317,MB16CC005_54a9eeed-085a-4783-8bde-af3c67f18497.SCN - Series 3_Region12.png,5,2,0,0,0,3,0,0,0,0
318,MB16CC005_54a9eeed-085a-4783-8bde-af3c67f18497.SCN - Series 3_Region9.png,8,8,0,0,0,3,0,0,0,0
319,MB16CC005_54a9eeed-085a-4783-8bde-af3c67f18497.SCN - Series 3_Region13.png,5,2,5,5,0,3,0,0,0,0
320,MB16CC005_54a9eeed-085a-4783-8bde-af3c67f18497.SCN - Series 3_Region8.png,5,2,0,0,0,3,0,0,0,0
321,MB16CC005_54a9eeed-085a-4783-8bde-af3c67f18497.SCN - Series 3_Region1.png,8,8,0,0,0,3,0,0,0,0
322,MB16CC005_54a9eeed-085a-4783-8bde-af3c67f18497.SCN - Series 3_Region11.png,5,2,0,0,0,3,0,0,0,0
323,MB16CC005_54a9eeed-085a-4783-8bde-af3c67f18497.SCN - Series 3_Region3.png,5,2,0,0,0,3,0,0,0,0
324,MB16CC005_54a9eeed-085a-4783-8bde-af3c67f18497.SCN - Series 3_Region2.png,5,2,0,0,0,3,0,0,0,0
325,MB16CC005_54a9eeed-085a-4783-8bde-af3c67f18497.SCN - Series 3_Region10.png,5,2,0,0,0,3,0,0,0,0
326,MB16CC005_54a9eeed-085a-4783-8bde-af3c67f18497.SCN - Series 1_Region12.png,5,2,0,0,0,3,0,0,0,0
327,MB16CC005_54a9eeed-085a-4783-8bde-af3c67f18497.SCN - Series 1_Region3.png,5,2,0,0,0,3,0,0,0,0
328,MB16CC005_54a9eeed-085a-4783-8bde-af3c67f18497.SCN - Series 1_Region2.png,5,2,0,0,0,3,0,0,0,0
329,MB16CC005_54a9eeed-085a-4783-8bde-af3c67f18497.SCN - Series 1_Region9.png,5,2,0,0,0,3,0,0,0,0
330,MB16CC005_54a9eeed-085a-4783-8bde-af3c67f18497.SCN - Series 1_Region11.png,5,2,0,0,0,3,0,0,0,0
331,MB16CC005_54a9eeed-085a-4783-8bde-af3c67f18497.SCN - Series 1_Region8.png,5,2,0,0,0,3,0,0,0,0
332,MB16CC005_54a9eeed-085a-4783-8bde-af3c67f18497.SCN - Series 1_Region10.png,5,2,0,0,0,3,0,0,0,0
333,MB16CC005_54a9eeed-085a-4783-8bde-af3c67f18497.SCN - Series 1_Region1.png,5,2,0,0,0,3,0,0,0,0
334,MB16CC005_54a9eeed-085a-4783-8bde-af3c67f18497.SCN - Series 1_Region4.png,5,2,0,0,0,3,0,0,0,0
335,MB16CC005_54a9eeed-085a-4783-8bde-af3c67f18497.SCN - Series 1_Region5.png,5,2,0,0,0,3,0,0,0,0
336,MB16CC005_54a9eeed-085a-4783-8bde-af3c67f18497.SCN - Series 1_Region7.png,5,2,0,0,0,3,0,0,0,0
337,MB16CC005_54a9eeed-085a-4783-8bde-af3c67f18497.SCN - Series 1_Region6.png,5,2,0,0,0,3,0,0,0,0
338,MB16CC010_7d3ea849-69e8-4afc-8560-e40d8f37e728.SCN - Series 2_Region9.png,5,2,0,0,0,3,0,0,0,0
339,MB16CC010_7d3ea849-69e8-4afc-8560-e40d8f37e728.SCN - Series 2_Region8.png,8,8,0,0,0,3,0,0,0,0
340,MB16CC010_7d3ea849-69e8-4afc-8560-e40d8f37e728.SCN - Series 2_Region1.png,8,8,0,0,0,3,0,0,0,0
341,MB16CC010_7d3ea849-69e8-4afc-8560-e40d8f37e728.SCN - Series 2_Region15.png,8,8,0,0,0,3,0,0,0,0
342,MB16CC010_7d3ea849-69e8-4afc-8560-e40d8f37e728.SCN - Series 2_Region3.png,8,8,0,0,0,3,0,0,0,0
343,MB16CC010_7d3ea849-69e8-4afc-8560-e40d8f37e728.SCN - Series 2_Region2.png,5,2,0,0,0,3,0,0,0,0
344,MB16CC010_7d3ea849-69e8-4afc-8560-e40d8f37e728.SCN - Series 2_Region14.png,5,2,0,0,0,3,0,0,0,0
345,MB16CC010_7d3ea849-69e8-4afc-8560-e40d8f37e728.SCN - Series 2_Region11.png,8,8,0,0,0,3,0,0,0,0
346,MB16CC010_7d3ea849-69e8-4afc-8560-e40d8f37e728.SCN - Series 2_Region7.png,8,8,0,0,0,3,0,0,0,0
347,MB16CC010_7d3ea849-69e8-4afc-8560-e40d8f37e728.SCN - Series 2_Region6.png,8,8,0,0,0,3,0,0,0,0
348,MB16CC010_7d3ea849-69e8-4afc-8560-e40d8f37e728.SCN - Series 2_Region10.png,8,8,0,0,0,3,0,0,0,0
349,MB16CC010_7d3ea849-69e8-4afc-8560-e40d8f37e728.SCN - Series 2_Region4.png,8,8,0,0,0,3,0,0,0,0
350,MB16CC010_7d3ea849-69e8-4afc-8560-e40d8f37e728.SCN - Series 2_Region12.png,8,8,0,0,0,3,0,0,0,0
351,MB16CC010_7d3ea849-69e8-4afc-8560-e40d8f37e728.SCN - Series 2_Region13.png,8,8,0,0,0,3,0,0,0,0
352,MB16CC010_7d3ea849-69e8-4afc-8560-e40d8f37e728.SCN - Series 2_Region5.png,5,2,0,0,0,3,0,0,0,0
353,MB16CC010_7d3ea849-69e8-4afc-8560-e40d8f37e728.SCN - Series 3_Region15.png,5,2,0,0,0,3,0,0,0,0
354,MB16CC010_7d3ea849-69e8-4afc-8560-e40d8f37e728.SCN - Series 3_Region2.png,5,2,0,0,0,3,0,0,0,0
355,MB16CC010_7d3ea849-69e8-4afc-8560-e40d8f37e728.SCN - Series 3_Region14.png,8,8,0,0,0,3,0,0,0,0
356,MB16CC010_7d3ea849-69e8-4afc-8560-e40d8f37e728.SCN - Series 3_Region3.png,8,8,0,0,0,3,0,0,0,0
357,MB16CC010_7d3ea849-69e8-4afc-8560-e40d8f37e728.SCN - Series 3_Region8.png,8,8,0,0,0,3,0,0,0,0
358,MB16CC010_7d3ea849-69e8-4afc-8560-e40d8f37e728.SCN - Series 3_Region1.png,8,8,0,0,0,3,0,0,0,0
359,MB16CC010_7d3ea849-69e8-4afc-8560-e40d8f37e728.SCN - Series 3_Region9.png,5,2,0,0,0,3,0,0,0,0
360,MB16CC010_7d3ea849-69e8-4afc-8560-e40d8f37e728.SCN - Series 3_Region5.png,8,8,0,0,0,3,0,0,0,0
361,MB16CC010_7d3ea849-69e8-4afc-8560-e40d8f37e728.SCN - Series 3_Region12.png,8,8,0,0,0,3,0,0,0,0
362,MB16CC010_7d3ea849-69e8-4afc-8560-e40d8f37e728.SCN - Series 3_Region4.png,5,2,0,0,0,3,0,0,0,0
363,MB16CC010_7d3ea849-69e8-4afc-8560-e40d8f37e728.SCN - Series 3_Region13.png,8,8,0,0,0,3,0,0,0,0
364,MB16CC010_7d3ea849-69e8-4afc-8560-e40d8f37e728.SCN - Series 3_Region6.png,5,2,0,0,0,3,0,0,0,0
365,MB16CC010_7d3ea849-69e8-4afc-8560-e40d8f37e728.SCN - Series 3_Region11.png,8,8,0,0,0,3,0,0,0,0
366,MB16CC010_7d3ea849-69e8-4afc-8560-e40d8f37e728.SCN - Series 3_Region7.png,5,2,0,0,0,3,0,0,0,0
367,MB16CC010_7d3ea849-69e8-4afc-8560-e40d8f37e728.SCN - Series 3_Region10.png,8,8,0,0,0,3,0,0,0,0
368,MB16CC010_7d3ea849-69e8-4afc-8560-e40d8f37e728.SCN - Series 1_Region12.png,8,8,0,0,0,3,0,0,0,0
369,MB16CC010_7d3ea849-69e8-4afc-8560-e40d8f37e728.SCN - Series 1_Region6.png,8,8,0,0,0,3,0,0,0,0
370,MB16CC010_7d3ea849-69e8-4afc-8560-e40d8f37e728.SCN - Series 1_Region13.png,8,8,0,0,0,3,0,0,0,0
371,MB16CC010_7d3ea849-69e8-4afc-8560-e40d8f37e728.SCN - Series 1_Region7.png,8,8,0,0,0,3,0,0,0,0
372,MB16CC010_7d3ea849-69e8-4afc-8560-e40d8f37e728.SCN - Series 1_Region11.png,5,2,0,0,0,3,0,0,0,0
373,MB16CC010_7d3ea849-69e8-4afc-8560-e40d8f37e728.SCN - Series 1_Region5.png,8,8,0,0,0,3,0,0,0,0
374,MB16CC010_7d3ea849-69e8-4afc-8560-e40d8f37e728.SCN - Series 1_Region10.png,8,8,0,0,0,3,0,0,0,0
375,MB16CC010_7d3ea849-69e8-4afc-8560-e40d8f37e728.SCN - Series 1_Region4.png,8,8,0,0,0,3,0,0,0,0
376,MB16CC010_7d3ea849-69e8-4afc-8560-e40d8f37e728.SCN - Series 1_Region8.png,5,2,0,0,0,3,0,0,0,0
377,MB16CC010_7d3ea849-69e8-4afc-8560-e40d8f37e728.SCN - Series 1_Region1.png,5,2,0,0,0,3,0,0,0,0
378,MB16CC010_7d3ea849-69e8-4afc-8560-e40d8f37e728.SCN - Series 1_Region15.png,8,8,0,0,0,3,0,0,0,0
379,MB16CC010_7d3ea849-69e8-4afc-8560-e40d8f37e728.SCN - Series 1_Region14.png,8,8,0,0,0,3,0,0,0,0
380,MB16CC010_7d3ea849-69e8-4afc-8560-e40d8f37e728.SCN - Series 1_Region9.png,8,8,0,0,0,3,0,0,0,0
381,MB16CC010_7d3ea849-69e8-4afc-8560-e40d8f37e728.SCN - Series 1_Region2.png,8,8,0,0,0,3,0,0,0,0
382,MB16CC010_7d3ea849-69e8-4afc-8560-e40d8f37e728.SCN - Series 1_Region3.png,8,8,0,0,0,3,0,0,0,0
383,MB16CC072.SCN - Series 2_Region2.png,6,0,7,6,4,0,3,0,0,0
384,MB16CC072.SCN - Series 2_Region15.png,9,7,3,3,4,0,3,0,0,0
385,MB16CC072.SCN - Series 2_Region14.png,6,0,7,6,3,0,3,0,0,0
386,MB16CC072.SCN - Series 2_Region3.png,0,4,5,5,3,3,0,0,0,0
387,MB16CC072.SCN - Series 2_Region8.png,4,0,7,6,4,0,3,0,0,0
388,MB16CC072.SCN - Series 2_Region1.png,9,7,3,3,4,0,3,0,0,0
389,MB16CC072.SCN - Series 2_Region9.png,0,4,5,5,3,3,0,0,0,0
390,MB16CC072.SCN - Series 2_Region12.png,0,4,5,5,3,3,0,0,0,0
391,MB16CC072.SCN - Series 2_Region5.png,6,0,7,6,3,0,3,0,0,0
392,MB16CC072.SCN - Series 2_Region4.png,6,0,7,6,3,0,3,0,0,0
393,MB16CC072.SCN - Series 2_Region13.png,4,0,7,6,4,0,3,0,0,0
394,MB16CC072.SCN - Series 2_Region6.png,6,0,7,6,3,0,3,0,0,0
395,MB16CC072.SCN - Series 2_Region11.png,4,0,7,6,4,0,3,0,0,0
396,MB16CC072.SCN - Series 2_Region10.png,0,4,5,5,3,3,0,0,0,0
397,MB16CC072.SCN - Series 2_Region7.png,4,0,7,6,4,0,3,0,0,0
398,MB16CC072.SCN - Series 1_Region4.png,0,4,5,5,3,3,0,0,0,0
399,MB16CC072.SCN - Series 1_Region11.png,4,7,3,3,4,0,3,0,0,0
400,MB16CC072.SCN - Series 1_Region5.png,6,0,7,6,3,0,3,0,0,0
401,MB16CC072.SCN - Series 1_Region10.png,4,7,3,3,4,0,3,0,0,0
402,MB16CC072.SCN - Series 1_Region7.png,6,0,7,6,3,0,3,0,0,0
403,MB16CC072.SCN - Series 1_Region12.png,0,4,5,5,3,3,0,0,0,0
404,MB16CC072.SCN - Series 1_Region6.png,0,4,5,5,3,3,0,0,0,0
405,MB16CC072.SCN - Series 1_Region13.png,9,7,3,3,4,0,3,0,0,0
406,MB16CC072.SCN - Series 1_Region16.png,0,4,5,5,3,3,0,0,0,0
407,MB16CC072.SCN - Series 1_Region3.png,6,0,7,6,4,0,3,0,0,0
408,MB16CC072.SCN - Series 1_Region2.png,0,4,5,5,3,3,0,0,0,0
409,MB16CC072.SCN - Series 1_Region15.png,6,0,7,6,3,0,3,0,0,0
410,MB16CC072.SCN - Series 1_Region9.png,6,0,7,6,4,0,3,0,0,0
411,MB16CC072.SCN - Series 1_Region8.png,6,0,7,6,3,0,3,0,0,0
412,MB16CC072.SCN - Series 1_Region14.png,4,0,7,6,4,0,3,0,0,0
413,MB16CC072.SCN - Series 1_Region1.png,6,0,7,6,3,0,3,0,0,0
414,MB16CC009_6c2b7716-d1be-4f3e-996a-a75c563e8ba7.SCN - Series 2_Region13.png,8,8,0,0,0,3,0,0,0,0
415,MB16CC009_6c2b7716-d1be-4f3e-996a-a75c563e8ba7.SCN - Series 2_Region4.png,8,8,0,0,0,3,0,0,0,0
416,MB16CC009_6c2b7716-d1be-4f3e-996a-a75c563e8ba7.SCN - Series 2_Region5.png,8,8,0,0,0,3,0,0,0,0
417,MB16CC009_6c2b7716-d1be-4f3e-996a-a75c563e8ba7.SCN - Series 2_Region12.png,8,8,0,0,0,3,0,0,0,0
418,MB16CC009_6c2b7716-d1be-4f3e-996a-a75c563e8ba7.SCN - Series 2_Region7.png,8,8,0,0,0,3,0,0,0,0
419,MB16CC009_6c2b7716-d1be-4f3e-996a-a75c563e8ba7.SCN - Series 2_Region10.png,8,8,0,0,0,3,0,0,0,0
420,MB16CC009_6c2b7716-d1be-4f3e-996a-a75c563e8ba7.SCN - Series 2_Region11.png,8,8,0,0,0,3,0,0,0,0
421,MB16CC009_6c2b7716-d1be-4f3e-996a-a75c563e8ba7.SCN - Series 2_Region6.png,8,8,0,0,0,3,0,0,0,0
422,MB16CC009_6c2b7716-d1be-4f3e-996a-a75c563e8ba7.SCN - Series 2_Region3.png,5,2,0,0,0,3,0,0,0,0
423,MB16CC009_6c2b7716-d1be-4f3e-996a-a75c563e8ba7.SCN - Series 2_Region14.png,8,8,0,0,0,3,0,0,0,0
424,MB16CC009_6c2b7716-d1be-4f3e-996a-a75c563e8ba7.SCN - Series 2_Region15.png,8,8,0,0,0,3,0,0,0,0
425,MB16CC009_6c2b7716-d1be-4f3e-996a-a75c563e8ba7.SCN - Series 2_Region2.png,8,8,0,0,0,3,0,0,0,0
426,MB16CC009_6c2b7716-d1be-4f3e-996a-a75c563e8ba7.SCN - Series 2_Region9.png,8,8,0,0,0,3,0,0,0,0
427,MB16CC009_6c2b7716-d1be-4f3e-996a-a75c563e8ba7.SCN - Series 2_Region1.png,8,8,0,0,0,3,0,0,0,0
428,MB16CC009_6c2b7716-d1be-4f3e-996a-a75c563e8ba7.SCN - Series 2_Region8.png,5,2,0,0,0,3,0,0,0,0
429,MB16CC009_6c2b7716-d1be-4f3e-996a-a75c563e8ba7.SCN - Series 3_Region10.png,8,8,0,0,0,3,0,0,0,0
430,MB16CC009_6c2b7716-d1be-4f3e-996a-a75c563e8ba7.SCN - Series 3_Region6.png,8,8,0,0,0,3,0,0,0,0
431,MB16CC009_6c2b7716-d1be-4f3e-996a-a75c563e8ba7.SCN - Series 3_Region11.png,8,8,0,0,0,3,0,0,0,0
432,MB16CC009_6c2b7716-d1be-4f3e-996a-a75c563e8ba7.SCN - Series 3_Region7.png,8,8,0,0,0,3,0,0,0,0
433,MB16CC009_6c2b7716-d1be-4f3e-996a-a75c563e8ba7.SCN - Series 3_Region5.png,8,8,0,0,0,3,0,0,0,0
434,MB16CC009_6c2b7716-d1be-4f3e-996a-a75c563e8ba7.SCN - Series 3_Region13.png,8,8,0,0,0,3,0,0,0,0
435,MB16CC009_6c2b7716-d1be-4f3e-996a-a75c563e8ba7.SCN - Series 3_Region4.png,8,8,0,0,0,3,0,0,0,0
436,MB16CC009_6c2b7716-d1be-4f3e-996a-a75c563e8ba7.SCN - Series 3_Region12.png,5,2,0,0,0,3,0,0,0,0
437,MB16CC009_6c2b7716-d1be-4f3e-996a-a75c563e8ba7.SCN - Series 3_Region1.png,8,8,0,0,0,3,0,0,0,0
438,MB16CC009_6c2b7716-d1be-4f3e-996a-a75c563e8ba7.SCN - Series 3_Region17.png,5,2,0,0,0,3,0,0,0,0
439,MB16CC009_6c2b7716-d1be-4f3e-996a-a75c563e8ba7.SCN - Series 3_Region8.png,8,8,0,0,0,3,0,0,0,0
440,MB16CC009_6c2b7716-d1be-4f3e-996a-a75c563e8ba7.SCN - Series 3_Region9.png,8,8,0,0,0,3,0,0,0,0
441,MB16CC009_6c2b7716-d1be-4f3e-996a-a75c563e8ba7.SCN - Series 3_Region16.png,8,8,0,0,0,3,0,0,0,0
442,MB16CC009_6c2b7716-d1be-4f3e-996a-a75c563e8ba7.SCN - Series 3_Region14.png,8,8,0,0,0,3,0,0,0,0
443,MB16CC009_6c2b7716-d1be-4f3e-996a-a75c563e8ba7.SCN - Series 3_Region2.png,8,8,0,0,0,3,0,0,0,0
444,MB16CC009_6c2b7716-d1be-4f3e-996a-a75c563e8ba7.SCN - Series 3_Region15.png,8,8,0,0,0,3,0,0,0,0
445,MB16CC009_6c2b7716-d1be-4f3e-996a-a75c563e8ba7.SCN - Series 3_Region3.png,5,2,0,0,0,3,0,0,0,0
446,MB16CC007_bc8636f1-7dac-40e5-845d-4a3655db7919.SCN - Series 2_Region7.png,5,2,0,0,0,3,0,0,0,0
447,MB16CC007_bc8636f1-7dac-40e5-845d-4a3655db7919.SCN - Series 2_Region13.png,5,2,0,0,0,3,0,0,0,0
448,MB16CC007_bc8636f1-7dac-40e5-845d-4a3655db7919.SCN - Series 2_Region12.png,5,2,0,0,0,3,0,0,0,0
449,MB16CC007_bc8636f1-7dac-40e5-845d-4a3655db7919.SCN - Series 2_Region6.png,5,2,0,0,0,3,0,0,0,0
450,MB16CC007_bc8636f1-7dac-40e5-845d-4a3655db7919.SCN - Series 2_Region10.png,5,2,0,0,0,3,0,0,0,0
451,MB16CC007_bc8636f1-7dac-40e5-845d-4a3655db7919.SCN - Series 2_Region4.png,5,2,0,0,0,3,0,0,0,0
452,MB16CC007_bc8636f1-7dac-40e5-845d-4a3655db7919.SCN - Series 2_Region5.png,5,2,0,0,0,3,0,0,0,0
453,MB16CC007_bc8636f1-7dac-40e5-845d-4a3655db7919.SCN - Series 2_Region11.png,5,2,0,0,0,3,0,0,0,0
454,MB16CC007_bc8636f1-7dac-40e5-845d-4a3655db7919.SCN - Series 2_Region9.png,5,2,0,0,0,3,0,0,0,0
455,MB16CC007_bc8636f1-7dac-40e5-845d-4a3655db7919.SCN - Series 2_Region14.png,5,2,0,0,0,3,0,0,0,0
456,MB16CC007_bc8636f1-7dac-40e5-845d-4a3655db7919.SCN - Series 2_Region1.png,5,2,0,0,0,3,0,0,0,0
457,MB16CC007_bc8636f1-7dac-40e5-845d-4a3655db7919.SCN - Series 2_Region8.png,5,2,0,0,0,3,0,0,0,0
458,MB16CC007_bc8636f1-7dac-40e5-845d-4a3655db7919.SCN - Series 2_Region15.png,5,2,0,0,0,3,0,0,0,0
459,MB16CC007_bc8636f1-7dac-40e5-845d-4a3655db7919.SCN - Series 2_Region3.png,5,2,0,0,0,3,0,0,0,0
460,MB16CC007_bc8636f1-7dac-40e5-845d-4a3655db7919.SCN - Series 2_Region2.png,8,8,0,0,0,3,0,0,0,0
461,MB16CC053_51105fa0-844b-427c-bc55-79fed8c75b02.SCN - Series 5_Region1.png,5,2,0,0,0,3,0,0,0,0
462,MB16CC053_51105fa0-844b-427c-bc55-79fed8c75b02.SCN - Series 5_Region12.png,5,2,5,5,0,3,0,0,0,0
463,MB16CC053_51105fa0-844b-427c-bc55-79fed8c75b02.SCN - Series 5_Region8.png,5,2,0,0,0,3,0,0,0,0
464,MB16CC053_51105fa0-844b-427c-bc55-79fed8c75b02.SCN - Series 5_Region9.png,5,2,0,0,0,3,0,0,0,0
465,MB16CC053_51105fa0-844b-427c-bc55-79fed8c75b02.SCN - Series 5_Region13.png,5,2,0,0,0,3,0,0,0,0
466,MB16CC053_51105fa0-844b-427c-bc55-79fed8c75b02.SCN - Series 5_Region2.png,0,4,5,5,3,3,0,0,0,0
467,MB16CC053_51105fa0-844b-427c-bc55-79fed8c75b02.SCN - Series 5_Region11.png,5,2,0,0,0,3,0,0,0,0
468,MB16CC053_51105fa0-844b-427c-bc55-79fed8c75b02.SCN - Series 5_Region3.png,0,4,5,5,3,3,0,0,0,0
469,MB16CC053_51105fa0-844b-427c-bc55-79fed8c75b02.SCN - Series 5_Region10.png,0,4,5,5,3,3,0,0,0,0
470,MB16CC053_51105fa0-844b-427c-bc55-79fed8c75b02.SCN - Series 5_Region15.png,5,2,0,0,0,3,0,0,0,0
471,MB16CC053_51105fa0-844b-427c-bc55-79fed8c75b02.SCN - Series 5_Region6.png,5,2,0,0,0,3,0,0,0,0
472,MB16CC053_51105fa0-844b-427c-bc55-79fed8c75b02.SCN - Series 5_Region14.png,8,8,0,0,0,3,0,0,0,0
473,MB16CC053_51105fa0-844b-427c-bc55-79fed8c75b02.SCN - Series 5_Region7.png,5,2,0,0,0,3,0,0,0,0
474,MB16CC053_51105fa0-844b-427c-bc55-79fed8c75b02.SCN - Series 5_Region5.png,0,4,5,5,3,3,0,0,0,0
475,MB16CC053_51105fa0-844b-427c-bc55-79fed8c75b02.SCN - Series 5_Region4.png,5,2,0,0,0,3,0,0,0,0
476,MB16CC053_51105fa0-844b-427c-bc55-79fed8c75b02.SCN - Series 2_Region9.png,0,4,5,5,3,3,0,0,0,0
477,MB16CC053_51105fa0-844b-427c-bc55-79fed8c75b02.SCN - Series 2_Region8.png,5,2,0,0,0,3,0,0,0,0
478,MB16CC053_51105fa0-844b-427c-bc55-79fed8c75b02.SCN - Series 2_Region1.png,0,4,5,5,3,3,0,0,0,0
479,MB16CC053_51105fa0-844b-427c-bc55-79fed8c75b02.SCN - Series 2_Region14.png,5,2,0,0,0,3,0,0,0,0
480,MB16CC053_51105fa0-844b-427c-bc55-79fed8c75b02.SCN - Series 2_Region3.png,5,2,0,0,0,3,0,0,0,0
481,MB16CC053_51105fa0-844b-427c-bc55-79fed8c75b02.SCN - Series 2_Region2.png,5,2,0,0,0,3,0,0,0,0
482,MB16CC053_51105fa0-844b-427c-bc55-79fed8c75b02.SCN - Series 2_Region15.png,5,2,0,0,0,3,0,0,0,0
483,MB16CC053_51105fa0-844b-427c-bc55-79fed8c75b02.SCN - Series 2_Region10.png,5,2,0,0,0,3,0,0,0,0
484,MB16CC053_51105fa0-844b-427c-bc55-79fed8c75b02.SCN - Series 2_Region7.png,0,4,5,5,3,3,0,0,0,0
485,MB16CC053_51105fa0-844b-427c-bc55-79fed8c75b02.SCN - Series 2_Region6.png,5,2,0,0,0,3,0,0,0,0
486,MB16CC053_51105fa0-844b-427c-bc55-79fed8c75b02.SCN - Series 2_Region11.png,5,2,0,0,0,3,0,0,0,0
487,MB16CC053_51105fa0-844b-427c-bc55-79fed8c75b02.SCN - Series 2_Region4.png,5,2,0,0,0,3,0,0,0,0
488,MB16CC053_51105fa0-844b-427c-bc55-79fed8c75b02.SCN - Series 2_Region13.png,5,2,5,5,0,3,0,0,0,0
489,MB16CC053_51105fa0-844b-427c-bc55-79fed8c75b02.SCN - Series 2_Region12.png,8,8,0,0,0,3,0,0,0,0
490,MB16CC053_51105fa0-844b-427c-bc55-79fed8c75b02.SCN - Series 2_Region5.png,5,2,0,0,0,3,0,0,0,0
491,MB16CC053_51105fa0-844b-427c-bc55-79fed8c75b02.SCN - Series 3_Region14.png,5,2,0,0,0,3,0,0,0,0
492,MB16CC053_51105fa0-844b-427c-bc55-79fed8c75b02.SCN - Series 3_Region2.png,5,2,0,0,0,3,0,0,0,0
493,MB16CC053_51105fa0-844b-427c-bc55-79fed8c75b02.SCN - Series 3_Region15.png,5,2,0,0,0,3,0,0,0,0
494,MB16CC053_51105fa0-844b-427c-bc55-79fed8c75b02.SCN - Series 3_Region3.png,0,4,5,5,3,3,0,0,0,0
495,MB16CC053_51105fa0-844b-427c-bc55-79fed8c75b02.SCN - Series 3_Region8.png,5,2,0,0,0,3,0,0,0,0
496,MB16CC053_51105fa0-844b-427c-bc55-79fed8c75b02.SCN - Series 3_Region1.png,5,2,0,0,0,3,0,0,0,0
497,MB16CC053_51105fa0-844b-427c-bc55-79fed8c75b02.SCN - Series 3_Region9.png,8,8,0,0,0,3,0,0,0,0
498,MB16CC053_51105fa0-844b-427c-bc55-79fed8c75b02.SCN - Series 3_Region5.png,5,2,0,0,0,3,0,0,0,0
499,MB16CC053_51105fa0-844b-427c-bc55-79fed8c75b02.SCN - Series 3_Region13.png,0,4,5,5,0,3,0,0,0,0
500,MB16CC053_51105fa0-844b-427c-bc55-79fed8c75b02.SCN - Series 3_Region4.png,5,2,0,0,0,3,0,0,0,0
501,MB16CC053_51105fa0-844b-427c-bc55-79fed8c75b02.SCN - Series 3_Region12.png,0,4,5,5,3,3,0,0,0,0
502,MB16CC053_51105fa0-844b-427c-bc55-79fed8c75b02.SCN - Series 3_Region6.png,5,2,0,0,0,3,0,0,0,0
503,MB16CC053_51105fa0-844b-427c-bc55-79fed8c75b02.SCN - Series 3_Region10.png,5,2,0,0,0,3,0,0,0,0
504,MB16CC053_51105fa0-844b-427c-bc55-79fed8c75b02.SCN - Series 3_Region7.png,5,2,0,0,0,3,0,0,0,0
505,MB16CC053_51105fa0-844b-427c-bc55-79fed8c75b02.SCN - Series 3_Region11.png,5,2,0,0,0,3,0,0,0,0
506,MB16CC054_f390dee9-3713-4a71-a423-38b0e5b73db7.SCN - Series 2_Region4.png,8,8,0,0,0,3,0,0,0,0
507,MB16CC054_f390dee9-3713-4a71-a423-38b0e5b73db7.SCN - Series 2_Region5.png,8,8,0,0,0,3,0,0,0,0
508,MB16CC054_f390dee9-3713-4a71-a423-38b0e5b73db7.SCN - Series 2_Region7.png,8,8,0,0,0,3,0,0,0,0
509,MB16CC054_f390dee9-3713-4a71-a423-38b0e5b73db7.SCN - Series 2_Region14.png,8,8,0,0,0,3,0,0,0,0
510,MB16CC054_f390dee9-3713-4a71-a423-38b0e5b73db7.SCN - Series 2_Region15.png,8,8,0,0,0,3,0,0,0,0
511,MB16CC054_f390dee9-3713-4a71-a423-38b0e5b73db7.SCN - Series 2_Region6.png,8,8,0,0,0,3,0,0,0,0
512,MB16CC054_f390dee9-3713-4a71-a423-38b0e5b73db7.SCN - Series 2_Region3.png,8,8,0,0,0,3,0,0,0,0
513,MB16CC054_f390dee9-3713-4a71-a423-38b0e5b73db7.SCN - Series 2_Region10.png,8,8,0,0,0,3,0,0,0,0
514,MB16CC054_f390dee9-3713-4a71-a423-38b0e5b73db7.SCN - Series 2_Region11.png,8,8,0,0,0,3,0,0,0,0
515,MB16CC054_f390dee9-3713-4a71-a423-38b0e5b73db7.SCN - Series 2_Region2.png,8,8,0,0,0,3,0,0,0,0
516,MB16CC054_f390dee9-3713-4a71-a423-38b0e5b73db7.SCN - Series 2_Region9.png,8,8,0,0,0,3,0,0,0,0
517,MB16CC054_f390dee9-3713-4a71-a423-38b0e5b73db7.SCN - Series 2_Region13.png,8,8,0,0,0,3,0,0,0,0
518,MB16CC054_f390dee9-3713-4a71-a423-38b0e5b73db7.SCN - Series 2_Region1.png,8,8,0,0,0,3,0,0,0,0
519,MB16CC054_f390dee9-3713-4a71-a423-38b0e5b73db7.SCN - Series 2_Region8.png,8,8,0,0,0,3,0,0,0,0
520,MB16CC054_f390dee9-3713-4a71-a423-38b0e5b73db7.SCN - Series 2_Region12.png,8,8,0,0,0,3,0,0,0,0
521,MB16CC054_f390dee9-3713-4a71-a423-38b0e5b73db7.SCN - Series 4_Region11.png,8,8,0,0,0,3,0,0,0,0
522,MB16CC054_f390dee9-3713-4a71-a423-38b0e5b73db7.SCN - Series 4_Region7.png,8,8,0,0,0,3,0,0,0,0
523,MB16CC054_f390dee9-3713-4a71-a423-38b0e5b73db7.SCN - Series 4_Region6.png,8,8,0,0,0,3,0,0,0,0
524,MB16CC054_f390dee9-3713-4a71-a423-38b0e5b73db7.SCN - Series 4_Region10.png,8,8,0,0,0,3,0,0,0,0
525,MB16CC054_f390dee9-3713-4a71-a423-38b0e5b73db7.SCN - Series 4_Region4.png,8,8,0,0,0,3,0,0,0,0
526,MB16CC054_f390dee9-3713-4a71-a423-38b0e5b73db7.SCN - Series 4_Region12.png,8,8,0,0,0,3,0,0,0,0
527,MB16CC054_f390dee9-3713-4a71-a423-38b0e5b73db7.SCN - Series 4_Region13.png,8,8,0,0,0,3,0,0,0,0
528,MB16CC054_f390dee9-3713-4a71-a423-38b0e5b73db7.SCN - Series 4_Region5.png,8,8,0,0,0,3,0,0,0,0
529,MB16CC054_f390dee9-3713-4a71-a423-38b0e5b73db7.SCN - Series 4_Region9.png,8,8,0,0,0,3,0,0,0,0
530,MB16CC054_f390dee9-3713-4a71-a423-38b0e5b73db7.SCN - Series 4_Region8.png,8,8,0,0,0,3,0,0,0,0
531,MB16CC054_f390dee9-3713-4a71-a423-38b0e5b73db7.SCN - Series 4_Region1.png,8,8,0,0,0,3,0,0,0,0
532,MB16CC054_f390dee9-3713-4a71-a423-38b0e5b73db7.SCN - Series 4_Region15.png,8,8,0,0,0,3,0,0,0,0
533,MB16CC054_f390dee9-3713-4a71-a423-38b0e5b73db7.SCN - Series 4_Region3.png,5,2,0,0,0,3,0,0,0,0
534,MB16CC054_f390dee9-3713-4a71-a423-38b0e5b73db7.SCN - Series 4_Region2.png,8,8,0,0,0,3,0,0,0,0
535,MB16CC054_f390dee9-3713-4a71-a423-38b0e5b73db7.SCN - Series 4_Region14.png,8,8,0,0,0,3,0,0,0,0
536,MB16CC054_f390dee9-3713-4a71-a423-38b0e5b73db7.SCN - Series 1_Region2.png,8,8,0,0,0,3,0,0,0,0
537,MB16CC054_f390dee9-3713-4a71-a423-38b0e5b73db7.SCN - Series 1_Region13.png,8,8,0,0,0,3,0,0,0,0
538,MB16CC054_f390dee9-3713-4a71-a423-38b0e5b73db7.SCN - Series 1_Region12.png,8,8,0,0,0,3,0,0,0,0
539,MB16CC054_f390dee9-3713-4a71-a423-38b0e5b73db7.SCN - Series 1_Region3.png,8,8,0,0,0,3,0,0,0,0
540,MB16CC054_f390dee9-3713-4a71-a423-38b0e5b73db7.SCN - Series 1_Region1.png,8,8,0,0,0,3,0,0,0,0
541,MB16CC054_f390dee9-3713-4a71-a423-38b0e5b73db7.SCN - Series 1_Region10.png,8,8,0,0,0,3,0,0,0,0
542,MB16CC054_f390dee9-3713-4a71-a423-38b0e5b73db7.SCN - Series 1_Region8.png,8,8,0,0,0,3,0,0,0,0
543,MB16CC054_f390dee9-3713-4a71-a423-38b0e5b73db7.SCN - Series 1_Region9.png,8,8,0,0,0,3,0,0,0,0
544,MB16CC054_f390dee9-3713-4a71-a423-38b0e5b73db7.SCN - Series 1_Region11.png,8,8,0,0,0,3,0,0,0,0
545,MB16CC054_f390dee9-3713-4a71-a423-38b0e5b73db7.SCN - Series 1_Region14.png,8,8,0,0,0,3,0,0,0,0
546,MB16CC054_f390dee9-3713-4a71-a423-38b0e5b73db7.SCN - Series 1_Region5.png,8,8,0,0,0,3,0,0,0,0
547,MB16CC054_f390dee9-3713-4a71-a423-38b0e5b73db7.SCN - Series 1_Region4.png,8,8,0,0,0,3,0,0,0,0
548,MB16CC054_f390dee9-3713-4a71-a423-38b0e5b73db7.SCN - Series 1_Region15.png,8,8,0,0,0,3,0,0,0,0
549,MB16CC054_f390dee9-3713-4a71-a423-38b0e5b73db7.SCN - Series 1_Region6.png,8,8,0,0,0,3,0,0,0,0
550,MB16CC054_f390dee9-3713-4a71-a423-38b0e5b73db7.SCN - Series 1_Region7.png,8,8,0,0,0,3,0,0,0,0
551,MB16CC065.SCN - Series 2_Region5.png,8,8,0,0,0,3,0,0,0,0
552,MB16CC065.SCN - Series 2_Region15.png,8,8,0,0,0,3,0,0,0,0
553,MB16CC065.SCN - Series 2_Region22.png,8,8,0,0,0,3,0,0,0,0
554,MB16CC065.SCN - Series 2_Region4.png,8,8,0,0,0,3,0,0,0,0
555,MB16CC065.SCN - Series 2_Region14.png,8,8,0,0,0,3,0,0,0,0
556,MB16CC065.SCN - Series 2_Region20.png,8,8,0,0,0,3,0,0,0,0
557,MB16CC065.SCN - Series 2_Region6.png,8,8,0,0,0,3,0,0,0,0
558,MB16CC065.SCN - Series 2_Region16.png,8,8,0,0,0,3,0,0,0,0
559,MB16CC065.SCN - Series 2_Region7.png,8,8,0,0,0,3,0,0,0,0
560,MB16CC065.SCN - Series 2_Region17.png,8,8,0,0,0,3,0,0,0,0
561,MB16CC065.SCN - Series 2_Region21.png,5,2,0,0,0,3,0,0,0,0
562,MB16CC065.SCN - Series 2_Region12.png,8,8,0,0,0,3,0,0,0,0
563,MB16CC065.SCN - Series 2_Region2.png,8,8,0,0,0,3,0,0,0,0
564,MB16CC065.SCN - Series 2_Region13.png,5,2,0,0,0,3,0,0,0,0
565,MB16CC065.SCN - Series 2_Region3.png,8,8,0,0,0,3,0,0,0,0
566,MB16CC065.SCN - Series 2_Region11.png,8,8,0,0,0,3,0,0,0,0
567,MB16CC065.SCN - Series 2_Region1.png,5,2,0,0,0,3,0,0,0,0
568,MB16CC065.SCN - Series 2_Region18.png,8,8,0,0,0,3,0,0,0,0
569,MB16CC065.SCN - Series 2_Region8.png,5,2,0,0,0,3,0,0,0,0
570,MB16CC065.SCN - Series 2_Region19.png,5,2,0,0,0,3,0,0,0,0
571,MB16CC065.SCN - Series 2_Region9.png,5,2,0,0,0,3,0,0,0,0
572,MB16CC065.SCN - Series 2_Region10.png,8,8,0,0,0,3,0,0,0,0
573,MB16CC065.SCN - Series 1_Region18.png,5,2,5,5,0,3,0,0,0,0
574,MB16CC065.SCN - Series 1_Region3.png,8,8,0,0,0,3,0,0,0,0
575,MB16CC065.SCN - Series 1_Region11.png,8,8,0,0,0,3,0,0,0,0
576,MB16CC065.SCN - Series 1_Region10.png,8,8,0,0,0,3,0,0,0,0
577,MB16CC065.SCN - Series 1_Region19.png,8,8,0,0,0,3,0,0,0,0
578,MB16CC065.SCN - Series 1_Region2.png,8,8,0,0,0,3,0,0,0,0
579,MB16CC065.SCN - Series 1_Region12.png,8,8,0,0,0,3,0,0,0,0
580,MB16CC065.SCN - Series 1_Region9.png,5,2,0,0,0,3,0,0,0,0
581,MB16CC065.SCN - Series 1_Region24.png,8,8,0,0,0,3,0,0,0,0
582,MB16CC065.SCN - Series 1_Region1.png,8,8,0,0,0,3,0,0,0,0
583,MB16CC065.SCN - Series 1_Region25.png,8,8,0,0,0,3,0,0,0,0
584,MB16CC065.SCN - Series 1_Region13.png,8,8,0,0,0,3,0,0,0,0
585,MB16CC065.SCN - Series 1_Region8.png,8,8,0,0,0,3,0,0,0,0
586,MB16CC065.SCN - Series 1_Region16.png,8,8,0,0,0,3,0,0,0,0
587,MB16CC065.SCN - Series 1_Region20.png,8,8,0,0,0,3,0,0,0,0
588,MB16CC065.SCN - Series 1_Region4.png,8,8,0,0,0,3,0,0,0,0
589,MB16CC065.SCN - Series 1_Region21.png,8,8,0,0,0,3,0,0,0,0
590,MB16CC065.SCN - Series 1_Region5.png,8,8,0,0,0,3,0,0,0,0
591,MB16CC065.SCN - Series 1_Region17.png,8,8,0,0,0,3,0,0,0,0
592,MB16CC065.SCN - Series 1_Region23.png,8,8,0,0,0,3,0,0,0,0
593,MB16CC065.SCN - Series 1_Region7.png,8,8,0,0,0,3,0,0,0,0
594,MB16CC065.SCN - Series 1_Region15.png,5,2,0,0,0,3,0,0,0,0
595,MB16CC065.SCN - Series 1_Region14.png,8,8,0,0,0,3,0,0,0,0
596,MB16CC065.SCN - Series 1_Region22.png,8,8,0,0,0,3,0,0,0,0
597,MB16CC065.SCN - Series 1_Region6.png,8,8,0,0,0,3,0,0,0,0
598,MB16CC006_9299517f-1039-4e27-829f-8a61ad7657d0.SCN - Series 2_Region10.png,5,2,0,0,0,3,0,0,0,0
599,MB16CC006_9299517f-1039-4e27-829f-8a61ad7657d0.SCN - Series 2_Region2.png,5,2,0,0,0,3,0,0,0,0
600,MB16CC006_9299517f-1039-4e27-829f-8a61ad7657d0.SCN - Series 2_Region3.png,5,2,0,0,0,3,0,0,0,0
601,MB16CC006_9299517f-1039-4e27-829f-8a61ad7657d0.SCN - Series 2_Region11.png,5,2,0,0,0,3,0,0,0,0
602,MB16CC006_9299517f-1039-4e27-829f-8a61ad7657d0.SCN - Series 2_Region1.png,5,2,0,0,0,3,0,0,0,0
603,MB16CC006_9299517f-1039-4e27-829f-8a61ad7657d0.SCN - Series 2_Region13.png,8,8,0,0,0,3,0,0,0,0
604,MB16CC006_9299517f-1039-4e27-829f-8a61ad7657d0.SCN - Series 2_Region8.png,5,2,0,0,0,3,0,0,0,0
605,MB16CC006_9299517f-1039-4e27-829f-8a61ad7657d0.SCN - Series 2_Region9.png,5,2,0,0,0,3,0,0,0,0
606,MB16CC006_9299517f-1039-4e27-829f-8a61ad7657d0.SCN - Series 2_Region12.png,5,2,0,0,0,3,0,0,0,0
607,MB16CC006_9299517f-1039-4e27-829f-8a61ad7657d0.SCN - Series 2_Region5.png,5,2,0,0,0,3,0,0,0,0
608,MB16CC006_9299517f-1039-4e27-829f-8a61ad7657d0.SCN - Series 2_Region4.png,5,2,5,5,0,3,0,0,0,0
609,MB16CC006_9299517f-1039-4e27-829f-8a61ad7657d0.SCN - Series 2_Region6.png,5,2,0,0,0,3,0,0,0,0
610,MB16CC006_9299517f-1039-4e27-829f-8a61ad7657d0.SCN - Series 2_Region14.png,8,8,0,0,0,3,0,0,0,0
611,MB16CC006_9299517f-1039-4e27-829f-8a61ad7657d0.SCN - Series 2_Region15.png,5,2,0,0,0,3,0,0,0,0
612,MB16CC006_9299517f-1039-4e27-829f-8a61ad7657d0.SCN - Series 2_Region7.png,5,2,0,0,0,3,0,0,0,0
613,MB16CC001_cd074414-9bf3-43bb-a4df-aef2b2c7fb7c.SCN - Series 2_Region8.png,5,2,0,0,0,3,0,0,0,0
614,MB16CC001_cd074414-9bf3-43bb-a4df-aef2b2c7fb7c.SCN - Series 2_Region10.png,5,2,0,0,0,3,0,0,0,0
615,MB16CC001_cd074414-9bf3-43bb-a4df-aef2b2c7fb7c.SCN - Series 2_Region1.png,0,4,5,5,3,3,0,0,0,0
616,MB16CC001_cd074414-9bf3-43bb-a4df-aef2b2c7fb7c.SCN - Series 2_Region11.png,0,4,5,5,0,3,0,0,0,0
617,MB16CC001_cd074414-9bf3-43bb-a4df-aef2b2c7fb7c.SCN - Series 2_Region9.png,0,4,5,5,3,3,0,0,0,0
618,MB16CC001_cd074414-9bf3-43bb-a4df-aef2b2c7fb7c.SCN - Series 2_Region2.png,0,4,5,5,3,3,0,0,0,0
619,MB16CC001_cd074414-9bf3-43bb-a4df-aef2b2c7fb7c.SCN - Series 2_Region13.png,5,2,0,0,0,3,0,0,0,0
620,MB16CC001_cd074414-9bf3-43bb-a4df-aef2b2c7fb7c.SCN - Series 2_Region3.png,0,4,5,5,0,3,0,0,0,0
621,MB16CC001_cd074414-9bf3-43bb-a4df-aef2b2c7fb7c.SCN - Series 2_Region12.png,5,2,0,0,0,3,0,0,0,0
622,MB16CC001_cd074414-9bf3-43bb-a4df-aef2b2c7fb7c.SCN - Series 2_Region6.png,5,2,0,0,0,3,0,0,0,0
623,MB16CC001_cd074414-9bf3-43bb-a4df-aef2b2c7fb7c.SCN - Series 2_Region7.png,8,8,0,0,0,3,0,0,0,0
624,MB16CC001_cd074414-9bf3-43bb-a4df-aef2b2c7fb7c.SCN - Series 2_Region14.png,5,2,0,0,0,3,0,0,0,0
625,MB16CC001_cd074414-9bf3-43bb-a4df-aef2b2c7fb7c.SCN - Series 2_Region5.png,0,4,5,5,3,3,0,0,0,0
626,MB16CC001_cd074414-9bf3-43bb-a4df-aef2b2c7fb7c.SCN - Series 2_Region15.png,5,2,0,0,0,3,0,0,0,0
627,MB16CC001_cd074414-9bf3-43bb-a4df-aef2b2c7fb7c.SCN - Series 2_Region4.png,5,2,0,0,0,3,0,0,0,0
628,MB16CC001_cd074414-9bf3-43bb-a4df-aef2b2c7fb7c.SCN - Series 1_Region14.png,0,4,5,5,3,3,0,0,0,0
629,MB16CC001_cd074414-9bf3-43bb-a4df-aef2b2c7fb7c.SCN - Series 1_Region7.png,0,4,5,5,3,3,0,0,0,0
630,MB16CC001_cd074414-9bf3-43bb-a4df-aef2b2c7fb7c.SCN - Series 1_Region6.png,5,2,0,0,0,3,0,0,0,0
631,MB16CC001_cd074414-9bf3-43bb-a4df-aef2b2c7fb7c.SCN - Series 1_Region15.png,5,2,0,0,0,3,0,0,0,0
632,MB16CC001_cd074414-9bf3-43bb-a4df-aef2b2c7fb7c.SCN - Series 1_Region4.png,0,4,5,5,3,3,0,0,0,0
633,MB16CC001_cd074414-9bf3-43bb-a4df-aef2b2c7fb7c.SCN - Series 1_Region5.png,5,2,0,0,0,3,0,0,0,0
634,MB16CC001_cd074414-9bf3-43bb-a4df-aef2b2c7fb7c.SCN - Series 1_Region9.png,0,4,5,5,3,3,0,0,0,0
635,MB16CC001_cd074414-9bf3-43bb-a4df-aef2b2c7fb7c.SCN - Series 1_Region13.png,0,4,5,5,3,3,0,0,0,0
636,MB16CC001_cd074414-9bf3-43bb-a4df-aef2b2c7fb7c.SCN - Series 1_Region8.png,5,2,0,0,0,3,0,0,0,0
637,MB16CC001_cd074414-9bf3-43bb-a4df-aef2b2c7fb7c.SCN - Series 1_Region12.png,6,0,7,6,3,0,3,0,0,0
638,MB16CC001_cd074414-9bf3-43bb-a4df-aef2b2c7fb7c.SCN - Series 1_Region1.png,6,0,7,6,3,0,3,0,0,0
639,MB16CC001_cd074414-9bf3-43bb-a4df-aef2b2c7fb7c.SCN - Series 1_Region10.png,5,2,0,0,0,3,0,0,0,0
640,MB16CC001_cd074414-9bf3-43bb-a4df-aef2b2c7fb7c.SCN - Series 1_Region3.png,6,0,7,6,3,0,3,0,0,0
641,MB16CC001_cd074414-9bf3-43bb-a4df-aef2b2c7fb7c.SCN - Series 1_Region2.png,9,7,3,3,4,0,3,0,0,0
642,MB16CC001_cd074414-9bf3-43bb-a4df-aef2b2c7fb7c.SCN - Series 1_Region11.png,5,2,0,0,0,3,0,0,0,0
643,MB16CC008_6fd55e4f-b910-4c20-aa8b-e8282cfc114f.SCN - Series 2_Region2.png,5,2,0,0,0,3,0,0,0,0
644,MB16CC008_6fd55e4f-b910-4c20-aa8b-e8282cfc114f.SCN - Series 2_Region14.png,5,2,0,0,0,3,0,0,0,0
645,MB16CC008_6fd55e4f-b910-4c20-aa8b-e8282cfc114f.SCN - Series 2_Region3.png,5,2,0,0,0,3,0,0,0,0
646,MB16CC008_6fd55e4f-b910-4c20-aa8b-e8282cfc114f.SCN - Series 2_Region15.png,5,2,0,0,0,3,0,0,0,0
647,MB16CC008_6fd55e4f-b910-4c20-aa8b-e8282cfc114f.SCN - Series 2_Region8.png,5,2,0,0,0,3,0,0,0,0
648,MB16CC008_6fd55e4f-b910-4c20-aa8b-e8282cfc114f.SCN - Series 2_Region1.png,5,2,0,0,0,3,0,0,0,0
649,MB16CC008_6fd55e4f-b910-4c20-aa8b-e8282cfc114f.SCN - Series 2_Region9.png,5,2,0,0,0,3,0,0,0,0
650,MB16CC008_6fd55e4f-b910-4c20-aa8b-e8282cfc114f.SCN - Series 2_Region13.png,5,2,0,0,0,3,0,0,0,0
651,MB16CC008_6fd55e4f-b910-4c20-aa8b-e8282cfc114f.SCN - Series 2_Region5.png,5,2,0,0,0,3,0,0,0,0
652,MB16CC008_6fd55e4f-b910-4c20-aa8b-e8282cfc114f.SCN - Series 2_Region12.png,5,2,0,0,0,3,0,0,0,0
653,MB16CC008_6fd55e4f-b910-4c20-aa8b-e8282cfc114f.SCN - Series 2_Region4.png,5,2,0,0,0,3,0,0,0,0
654,MB16CC008_6fd55e4f-b910-4c20-aa8b-e8282cfc114f.SCN - Series 2_Region10.png,5,2,0,0,0,3,0,0,0,0
655,MB16CC008_6fd55e4f-b910-4c20-aa8b-e8282cfc114f.SCN - Series 2_Region6.png,5,2,0,0,0,3,0,0,0,0
656,MB16CC008_6fd55e4f-b910-4c20-aa8b-e8282cfc114f.SCN - Series 2_Region11.png,5,2,0,0,0,3,0,0,0,0
657,MB16CC008_6fd55e4f-b910-4c20-aa8b-e8282cfc114f.SCN - Series 2_Region7.png,5,2,0,0,0,3,0,0,0,0
658,MB16CC008_6fd55e4f-b910-4c20-aa8b-e8282cfc114f.SCN - Series 1_Region4.png,5,2,0,0,0,3,0,0,0,0
659,MB16CC008_6fd55e4f-b910-4c20-aa8b-e8282cfc114f.SCN - Series 1_Region10.png,5,2,0,0,0,3,0,0,0,0
660,MB16CC008_6fd55e4f-b910-4c20-aa8b-e8282cfc114f.SCN - Series 1_Region11.png,5,2,0,0,0,3,0,0,0,0
661,MB16CC008_6fd55e4f-b910-4c20-aa8b-e8282cfc114f.SCN - Series 1_Region5.png,5,2,0,0,0,3,0,0,0,0
662,MB16CC008_6fd55e4f-b910-4c20-aa8b-e8282cfc114f.SCN - Series 1_Region13.png,5,2,0,0,0,3,0,0,0,0
663,MB16CC008_6fd55e4f-b910-4c20-aa8b-e8282cfc114f.SCN - Series 1_Region7.png,5,2,0,0,0,3,0,0,0,0
664,MB16CC008_6fd55e4f-b910-4c20-aa8b-e8282cfc114f.SCN - Series 1_Region6.png,8,8,0,0,0,3,0,0,0,0
665,MB16CC008_6fd55e4f-b910-4c20-aa8b-e8282cfc114f.SCN - Series 1_Region12.png,5,2,0,0,0,3,0,0,0,0
666,MB16CC008_6fd55e4f-b910-4c20-aa8b-e8282cfc114f.SCN - Series 1_Region3.png,5,2,0,0,0,3,0,0,0,0
667,MB16CC008_6fd55e4f-b910-4c20-aa8b-e8282cfc114f.SCN - Series 1_Region2.png,5,2,0,0,0,3,0,0,0,0
668,MB16CC008_6fd55e4f-b910-4c20-aa8b-e8282cfc114f.SCN - Series 1_Region16.png,5,2,0,0,0,3,0,0,0,0
669,MB16CC008_6fd55e4f-b910-4c20-aa8b-e8282cfc114f.SCN - Series 1_Region9.png,5,2,0,0,0,3,0,0,0,0
670,MB16CC008_6fd55e4f-b910-4c20-aa8b-e8282cfc114f.SCN - Series 1_Region14.png,5,2,0,0,0,3,0,0,0,0
671,MB16CC008_6fd55e4f-b910-4c20-aa8b-e8282cfc114f.SCN - Series 1_Region15.png,5,2,0,0,0,3,0,0,0,0
672,MB16CC008_6fd55e4f-b910-4c20-aa8b-e8282cfc114f.SCN - Series 1_Region8.png,5,2,0,0,0,3,0,0,0,0
673,MB16CC008_6fd55e4f-b910-4c20-aa8b-e8282cfc114f.SCN - Series 1_Region1.png,8,8,0,0,0,3,0,0,0,0
674,MB16CC064.SCN - Series 2_Region6.png,0,4,5,5,3,3,0,0,0,0
675,MB16CC064.SCN - Series 2_Region11.png,8,8,0,0,0,3,0,0,0,0
676,MB16CC064.SCN - Series 2_Region10.png,8,8,0,0,0,3,0,0,0,0
677,MB16CC064.SCN - Series 2_Region7.png,0,4,5,5,0,3,0,0,0,0
678,MB16CC064.SCN - Series 2_Region12.png,5,2,0,0,0,3,0,0,0,0
679,MB16CC064.SCN - Series 2_Region5.png,5,2,0,0,0,3,0,0,0,0
680,MB16CC064.SCN - Series 2_Region4.png,8,8,0,0,0,3,0,0,0,0
681,MB16CC064.SCN - Series 2_Region13.png,5,2,0,0,0,3,0,0,0,0
682,MB16CC064.SCN - Series 2_Region1.png,5,2,0,0,0,3,0,0,0,0
683,MB16CC064.SCN - Series 2_Region8.png,5,2,0,0,0,3,0,0,0,0
684,MB16CC064.SCN - Series 2_Region9.png,5,2,0,0,0,3,0,0,0,0
685,MB16CC064.SCN - Series 2_Region15.png,0,4,5,5,0,3,0,0,0,0
686,MB16CC064.SCN - Series 2_Region2.png,0,4,5,5,0,3,0,0,0,0
687,MB16CC064.SCN - Series 2_Region3.png,8,8,0,0,0,3,0,0,0,0
688,MB16CC064.SCN - Series 2_Region14.png,5,2,0,0,0,3,0,0,0,0
689,MB16CC064.SCN - Series 1_Region15.png,5,2,0,0,0,3,0,0,0,0
690,MB16CC064.SCN - Series 1_Region9.png,5,2,0,0,0,3,0,0,0,0
691,MB16CC064.SCN - Series 1_Region1.png,5,2,0,0,0,3,0,0,0,0
692,MB16CC064.SCN - Series 1_Region14.png,5,2,0,0,0,3,0,0,0,0
693,MB16CC064.SCN - Series 1_Region8.png,8,8,0,0,0,3,0,0,0,0
694,MB16CC064.SCN - Series 1_Region3.png,5,2,0,0,0,3,0,0,0,0
695,MB16CC064.SCN - Series 1_Region2.png,5,2,0,0,0,3,0,0,0,0
696,MB16CC064.SCN - Series 1_Region7.png,5,2,0,0,0,3,0,0,0,0
697,MB16CC064.SCN - Series 1_Region12.png,5,2,0,0,0,3,0,0,0,0
698,MB16CC064.SCN - Series 1_Region13.png,0,4,5,5,3,3,0,0,0,0
699,MB16CC064.SCN - Series 1_Region6.png,5,2,0,0,0,3,0,0,0,0
700,MB16CC064.SCN - Series 1_Region11.png,8,8,0,0,0,3,0,0,0,0
701,MB16CC064.SCN - Series 1_Region4.png,5,2,0,0,0,3,0,0,0,0
702,MB16CC064.SCN - Series 1_Region5.png,5,2,0,0,0,3,0,0,0,0
703,MB16CC064.SCN - Series 1_Region10.png,5,2,0,0,0,3,0,0,0,0
704,MB16CC055_2a393282-13a3-4f30-8f6e-3a1fc0f74395.SCN - Series 2_Region3.png,8,8,0,0,0,3,0,0,0,0
705,MB16CC055_2a393282-13a3-4f30-8f6e-3a1fc0f74395.SCN - Series 2_Region11.png,8,8,0,0,0,3,0,0,0,0
706,MB16CC055_2a393282-13a3-4f30-8f6e-3a1fc0f74395.SCN - Series 2_Region2.png,8,8,0,0,0,3,0,0,0,0
707,MB16CC055_2a393282-13a3-4f30-8f6e-3a1fc0f74395.SCN - Series 2_Region10.png,8,8,0,0,0,3,0,0,0,0
708,MB16CC055_2a393282-13a3-4f30-8f6e-3a1fc0f74395.SCN - Series 2_Region12.png,0,4,5,5,3,3,0,0,0,0
709,MB16CC055_2a393282-13a3-4f30-8f6e-3a1fc0f74395.SCN - Series 2_Region9.png,8,8,0,0,0,3,0,0,0,0
710,MB16CC055_2a393282-13a3-4f30-8f6e-3a1fc0f74395.SCN - Series 2_Region8.png,8,8,0,0,0,3,0,0,0,0
711,MB16CC055_2a393282-13a3-4f30-8f6e-3a1fc0f74395.SCN - Series 2_Region1.png,8,8,0,0,0,3,0,0,0,0
712,MB16CC055_2a393282-13a3-4f30-8f6e-3a1fc0f74395.SCN - Series 2_Region13.png,5,2,0,0,0,3,0,0,0,0
713,MB16CC055_2a393282-13a3-4f30-8f6e-3a1fc0f74395.SCN - Series 2_Region4.png,8,8,0,0,0,3,0,0,0,0
714,MB16CC055_2a393282-13a3-4f30-8f6e-3a1fc0f74395.SCN - Series 2_Region5.png,8,8,0,0,0,3,0,0,0,0
715,MB16CC055_2a393282-13a3-4f30-8f6e-3a1fc0f74395.SCN - Series 2_Region15.png,8,8,0,0,0,3,0,0,0,0
716,MB16CC055_2a393282-13a3-4f30-8f6e-3a1fc0f74395.SCN - Series 2_Region7.png,5,2,0,0,0,3,0,0,0,0
717,MB16CC055_2a393282-13a3-4f30-8f6e-3a1fc0f74395.SCN - Series 2_Region14.png,8,8,0,0,0,3,0,0,0,0
718,MB16CC055_2a393282-13a3-4f30-8f6e-3a1fc0f74395.SCN - Series 2_Region6.png,5,2,0,0,0,3,0,0,0,0
719,MB16CC055_2a393282-13a3-4f30-8f6e-3a1fc0f74395.SCN - Series 3_Region12.png,8,8,0,0,0,3,0,0,0,0
720,MB16CC055_2a393282-13a3-4f30-8f6e-3a1fc0f74395.SCN - Series 3_Region8.png,8,8,0,0,0,3,0,0,0,0
721,MB16CC055_2a393282-13a3-4f30-8f6e-3a1fc0f74395.SCN - Series 3_Region1.png,8,8,0,0,0,3,0,0,0,0
722,MB16CC055_2a393282-13a3-4f30-8f6e-3a1fc0f74395.SCN - Series 3_Region9.png,8,8,0,0,0,3,0,0,0,0
723,MB16CC055_2a393282-13a3-4f30-8f6e-3a1fc0f74395.SCN - Series 3_Region13.png,8,8,0,0,0,3,0,0,0,0
724,MB16CC055_2a393282-13a3-4f30-8f6e-3a1fc0f74395.SCN - Series 3_Region2.png,8,8,0,0,0,3,0,0,0,0
725,MB16CC055_2a393282-13a3-4f30-8f6e-3a1fc0f74395.SCN - Series 3_Region11.png,8,8,0,0,0,3,0,0,0,0
726,MB16CC055_2a393282-13a3-4f30-8f6e-3a1fc0f74395.SCN - Series 3_Region10.png,0,4,5,5,3,3,0,0,0,0
727,MB16CC055_2a393282-13a3-4f30-8f6e-3a1fc0f74395.SCN - Series 3_Region3.png,5,2,0,0,0,3,0,0,0,0
728,MB16CC055_2a393282-13a3-4f30-8f6e-3a1fc0f74395.SCN - Series 3_Region6.png,8,8,0,0,0,3,0,0,0,0
729,MB16CC055_2a393282-13a3-4f30-8f6e-3a1fc0f74395.SCN - Series 3_Region15.png,8,8,0,0,0,3,0,0,0,0
730,MB16CC055_2a393282-13a3-4f30-8f6e-3a1fc0f74395.SCN - Series 3_Region14.png,8,8,0,0,0,3,0,0,0,0
731,MB16CC055_2a393282-13a3-4f30-8f6e-3a1fc0f74395.SCN - Series 3_Region7.png,0,4,5,5,3,3,0,0,0,0
732,MB16CC055_2a393282-13a3-4f30-8f6e-3a1fc0f74395.SCN - Series 3_Region5.png,5,2,0,0,0,3,0,0,0,0
733,MB16CC055_2a393282-13a3-4f30-8f6e-3a1fc0f74395.SCN - Series 3_Region4.png,5,2,0,0,0,3,0,0,0,0
734,MB16CC055_2a393282-13a3-4f30-8f6e-3a1fc0f74395.SCN - Series 1_Region15.png,8,8,0,0,0,3,0,0,0,0
735,MB16CC055_2a393282-13a3-4f30-8f6e-3a1fc0f74395.SCN - Series 1_Region5.png,5,2,0,0,0,3,0,0,0,0
736,MB16CC055_2a393282-13a3-4f30-8f6e-3a1fc0f74395.SCN - Series 1_Region4.png,8,8,0,0,0,3,0,0,0,0
737,MB16CC055_2a393282-13a3-4f30-8f6e-3a1fc0f74395.SCN - Series 1_Region14.png,5,2,0,0,0,3,0,0,0,0
738,MB16CC055_2a393282-13a3-4f30-8f6e-3a1fc0f74395.SCN - Series 1_Region6.png,8,8,0,0,0,3,0,0,0,0
739,MB16CC055_2a393282-13a3-4f30-8f6e-3a1fc0f74395.SCN - Series 1_Region7.png,0,4,5,5,3,3,0,0,0,0
740,MB16CC055_2a393282-13a3-4f30-8f6e-3a1fc0f74395.SCN - Series 1_Region2.png,8,8,0,0,0,3,0,0,0,0
741,MB16CC055_2a393282-13a3-4f30-8f6e-3a1fc0f74395.SCN - Series 1_Region12.png,8,8,0,0,0,3,0,0,0,0
742,MB16CC055_2a393282-13a3-4f30-8f6e-3a1fc0f74395.SCN - Series 1_Region13.png,8,8,0,0,0,3,0,0,0,0
743,MB16CC055_2a393282-13a3-4f30-8f6e-3a1fc0f74395.SCN - Series 1_Region3.png,8,8,0,0,0,3,0,0,0,0
744,MB16CC055_2a393282-13a3-4f30-8f6e-3a1fc0f74395.SCN - Series 1_Region8.png,8,8,0,0,0,3,0,0,0,0
745,MB16CC055_2a393282-13a3-4f30-8f6e-3a1fc0f74395.SCN - Series 1_Region11.png,8,8,0,0,0,3,0,0,0,0
746,MB16CC055_2a393282-13a3-4f30-8f6e-3a1fc0f74395.SCN - Series 1_Region1.png,8,8,0,0,0,3,0,0,0,0
747,MB16CC055_2a393282-13a3-4f30-8f6e-3a1fc0f74395.SCN - Series 1_Region10.png,8,8,0,0,0,3,0,0,0,0
748,MB16CC055_2a393282-13a3-4f30-8f6e-3a1fc0f74395.SCN - Series 1_Region9.png,8,8,0,0,0,3,0,0,0,0
749,MB16CC052_c4207480-9922-4bfd-b038-98f438cb57b6.SCN - Series 4_Region15.png,8,8,0,0,0,3,0,0,0,0
750,MB16CC052_c4207480-9922-4bfd-b038-98f438cb57b6.SCN - Series 4_Region2.png,8,8,0,0,0,3,0,0,0,0
751,MB16CC052_c4207480-9922-4bfd-b038-98f438cb57b6.SCN - Series 4_Region3.png,5,2,0,0,0,3,0,0,0,0
752,MB16CC052_c4207480-9922-4bfd-b038-98f438cb57b6.SCN - Series 4_Region14.png,5,2,0,0,0,3,0,0,0,0
753,MB16CC052_c4207480-9922-4bfd-b038-98f438cb57b6.SCN - Series 4_Region1.png,5,2,0,0,0,3,0,0,0,0
754,MB16CC052_c4207480-9922-4bfd-b038-98f438cb57b6.SCN - Series 4_Region8.png,8,8,0,0,0,3,0,0,0,0
755,MB16CC052_c4207480-9922-4bfd-b038-98f438cb57b6.SCN - Series 4_Region16.png,5,2,0,0,0,3,0,0,0,0
756,MB16CC052_c4207480-9922-4bfd-b038-98f438cb57b6.SCN - Series 4_Region9.png,5,2,0,0,0,3,0,0,0,0
757,MB16CC052_c4207480-9922-4bfd-b038-98f438cb57b6.SCN - Series 4_Region17.png,8,8,0,0,0,3,0,0,0,0
758,MB16CC052_c4207480-9922-4bfd-b038-98f438cb57b6.SCN - Series 4_Region5.png,8,8,0,0,0,3,0,0,0,0
759,MB16CC052_c4207480-9922-4bfd-b038-98f438cb57b6.SCN - Series 4_Region12.png,5,2,0,0,0,3,0,0,0,0
760,MB16CC052_c4207480-9922-4bfd-b038-98f438cb57b6.SCN - Series 4_Region13.png,8,8,0,0,0,3,0,0,0,0
761,MB16CC052_c4207480-9922-4bfd-b038-98f438cb57b6.SCN - Series 4_Region4.png,8,8,0,0,0,3,0,0,0,0
762,MB16CC052_c4207480-9922-4bfd-b038-98f438cb57b6.SCN - Series 4_Region11.png,8,8,0,0,0,3,0,0,0,0
763,MB16CC052_c4207480-9922-4bfd-b038-98f438cb57b6.SCN - Series 4_Region6.png,8,8,0,0,0,3,0,0,0,0
764,MB16CC052_c4207480-9922-4bfd-b038-98f438cb57b6.SCN - Series 4_Region7.png,8,8,0,0,0,3,0,0,0,0
765,MB16CC052_c4207480-9922-4bfd-b038-98f438cb57b6.SCN - Series 4_Region10.png,8,8,0,0,0,3,0,0,0,0
766,MB16CC052_c4207480-9922-4bfd-b038-98f438cb57b6.SCN - Series 1_Region7.png,8,8,0,0,0,3,0,0,0,0
767,MB16CC052_c4207480-9922-4bfd-b038-98f438cb57b6.SCN - Series 1_Region17.png,8,8,0,0,0,3,0,0,0,0
768,MB16CC052_c4207480-9922-4bfd-b038-98f438cb57b6.SCN - Series 1_Region16.png,8,8,0,0,0,3,0,0,0,0
769,MB16CC052_c4207480-9922-4bfd-b038-98f438cb57b6.SCN - Series 1_Region14.png,8,8,0,0,0,3,0,0,0,0
770,MB16CC052_c4207480-9922-4bfd-b038-98f438cb57b6.SCN - Series 1_Region4.png,8,8,0,0,0,3,0,0,0,0
771,MB16CC052_c4207480-9922-4bfd-b038-98f438cb57b6.SCN - Series 1_Region15.png,8,8,0,0,0,3,0,0,0,0
772,MB16CC052_c4207480-9922-4bfd-b038-98f438cb57b6.SCN - Series 1_Region5.png,8,8,0,0,0,3,0,0,0,0
773,MB16CC052_c4207480-9922-4bfd-b038-98f438cb57b6.SCN - Series 1_Region10.png,8,8,0,0,0,3,0,0,0,0
774,MB16CC052_c4207480-9922-4bfd-b038-98f438cb57b6.SCN - Series 1_Region8.png,5,2,0,0,0,3,0,0,0,0
775,MB16CC052_c4207480-9922-4bfd-b038-98f438cb57b6.SCN - Series 1_Region11.png,8,8,0,0,0,3,0,0,0,0
776,MB16CC052_c4207480-9922-4bfd-b038-98f438cb57b6.SCN - Series 1_Region1.png,8,8,0,0,0,3,0,0,0,0
777,MB16CC052_c4207480-9922-4bfd-b038-98f438cb57b6.SCN - Series 1_Region3.png,8,8,0,0,0,3,0,0,0,0
778,MB16CC052_c4207480-9922-4bfd-b038-98f438cb57b6.SCN - Series 1_Region13.png,5,2,0,0,0,3,0,0,0,0
779,MB16CC052_c4207480-9922-4bfd-b038-98f438cb57b6.SCN - Series 1_Region2.png,8,8,0,0,0,3,0,0,0,0
780,MB16CC052_c4207480-9922-4bfd-b038-98f438cb57b6.SCN - Series 1_Region12.png,8,8,0,0,0,3,0,0,0,0
781,MB16CC070.SCN - Series 2_Region13.png,0,4,5,5,0,3,0,0,0,0
782,MB16CC070.SCN - Series 2_Region5.png,5,2,0,0,0,3,0,0,0,0
783,MB16CC070.SCN - Series 2_Region12.png,0,4,5,5,0,3,0,0,0,0
784,MB16CC070.SCN - Series 2_Region4.png,5,2,0,0,0,3,0,0,0,0
785,MB16CC070.SCN - Series 2_Region10.png,0,4,5,5,0,3,0,0,0,0
786,MB16CC070.SCN - Series 2_Region6.png,8,8,0,0,0,3,0,0,0,0
787,MB16CC070.SCN - Series 2_Region11.png,5,2,0,0,0,3,0,0,0,0
788,MB16CC070.SCN - Series 2_Region7.png,5,2,0,0,0,3,0,0,0,0
789,MB16CC070.SCN - Series 2_Region2.png,4,7,3,3,4,0,3,0,0,0
790,MB16CC070.SCN - Series 2_Region14.png,5,2,0,0,0,3,0,0,0,0
791,MB16CC070.SCN - Series 2_Region3.png,5,2,0,0,0,3,0,0,0,0
792,MB16CC070.SCN - Series 2_Region15.png,4,7,3,3,4,0,3,0,0,0
793,MB16CC070.SCN - Series 2_Region1.png,5,2,0,0,0,3,0,0,0,0
794,MB16CC070.SCN - Series 2_Region17.png,4,7,3,3,4,0,3,0,0,0
795,MB16CC070.SCN - Series 2_Region8.png,0,4,5,5,3,3,0,0,0,0
796,MB16CC070.SCN - Series 2_Region9.png,5,2,0,0,0,3,0,0,0,0
797,MB16CC070.SCN - Series 2_Region16.png,4,7,3,3,4,0,3,0,0,0
798,MB16CC071.SCN - Series 2_Region6.png,8,8,0,0,0,3,0,0,0,0
799,MB16CC071.SCN - Series 2_Region16.png,6,0,7,6,3,0,3,0,0,0
800,MB16CC071.SCN - Series 2_Region7.png,8,8,0,0,0,3,0,0,0,0
801,MB16CC071.SCN - Series 2_Region14.png,5,2,0,0,0,3,0,0,0,0
802,MB16CC071.SCN - Series 2_Region5.png,5,2,0,0,0,3,0,0,0,0
803,MB16CC071.SCN - Series 2_Region4.png,6,0,7,6,3,0,3,0,0,0
804,MB16CC071.SCN - Series 2_Region15.png,5,2,0,0,0,3,0,0,0,0
805,MB16CC071.SCN - Series 2_Region1.png,0,4,5,5,0,3,0,0,0,0
806,MB16CC071.SCN - Series 2_Region10.png,8,8,0,0,0,3,0,0,0,0
807,MB16CC071.SCN - Series 2_Region8.png,8,8,0,0,0,3,0,0,0,0
808,MB16CC071.SCN - Series 2_Region9.png,8,8,0,0,0,3,0,0,0,0
809,MB16CC071.SCN - Series 2_Region11.png,4,0,7,6,4,0,3,0,0,0
810,MB16CC071.SCN - Series 2_Region13.png,0,4,5,5,3,3,0,0,0,0
811,MB16CC071.SCN - Series 2_Region2.png,6,0,7,6,3,0,3,0,0,0
812,MB16CC071.SCN - Series 2_Region3.png,4,7,3,3,4,0,3,0,0,0
813,MB16CC071.SCN - Series 2_Region12.png,8,8,0,0,0,3,0,0,0,0
814,MB16CC071.SCN - Series 1_Region9.png,8,8,0,0,0,3,0,0,0,0
815,MB16CC071.SCN - Series 1_Region13.png,0,4,5,5,3,3,0,0,0,0
816,MB16CC071.SCN - Series 1_Region1.png,8,8,0,0,0,3,0,0,0,0
817,MB16CC071.SCN - Series 1_Region8.png,0,4,5,5,3,3,0,0,0,0
818,MB16CC071.SCN - Series 1_Region12.png,4,7,3,3,4,0,3,0,0,0
819,MB16CC071.SCN - Series 1_Region3.png,8,8,0,0,0,3,0,0,0,0
820,MB16CC071.SCN - Series 1_Region10.png,5,2,0,0,0,3,0,0,0,0
821,MB16CC071.SCN - Series 1_Region11.png,0,4,5,5,3,3,0,0,0,0
822,MB16CC071.SCN - Series 1_Region2.png,5,2,0,0,0,3,0,0,0,0
823,MB16CC071.SCN - Series 1_Region7.png,5,2,0,0,0,3,0,0,0,0
824,MB16CC071.SCN - Series 1_Region14.png,6,0,7,6,3,0,3,0,0,0
825,MB16CC071.SCN - Series 1_Region15.png,4,7,3,3,4,0,3,0,0,0
826,MB16CC071.SCN - Series 1_Region6.png,5,2,0,0,0,3,0,0,0,0
827,MB16CC071.SCN - Series 1_Region4.png,8,8,0,0,0,3,0,0,0,0
828,MB16CC071.SCN - Series 1_Region5.png,5,2,0,0,0,3,0,0,0,0
